id,no_of_persons,no_of_persons:confidence,person_plural,person_plural:confidence,person_singular_dom,person_singular_dom:confidence,person_singular_nondom,person_singular_nondom:confidence,image_url
882949379,one_person,1,,0,,0,"male
gender_is_not_recognizable","0.6562
0.3438",http://upload.wikimedia.org/wikipedia/commons/3/3b/Hugo_M%C3%BChlig_J%C3%A4ger_mit_Hund_im_Grafenberger_Wald.jpg
882949380,one_person,1,,0,,0,male,1,http://upload.wikimedia.org/wikipedia/commons/d/d3/En_f%C3%A6r%C3%B8sk_j%C3%A6ger.jpg
882949381,"one_person
no_person","0.6667
0.3333",,0,,0,male,0.6667,http://upload.wikimedia.org/wikipedia/commons/0/05/Joachim_von_Sandrart_-_November.jpg
882949382,one_person,1,,0,,0,male,1,http://upload.wikimedia.org/wikipedia/commons/5/5c/Hunter_in_Italy_Stavoli_2008_1004.JPG
882949383,no_person,1,,0,,0,,0,http://upload.wikimedia.org/wikipedia/commons/8/81/Battenberg_J%C3%A4gerkreuz_2.JPG
882949384,one_person,1,,0,,0,male,1,http://upload.wikimedia.org/wikipedia/commons/e/ef/Fotothek_df_n-17_0000047_Elektronikfacharbeiter.jpg
882949385,several_persons_no_single_persons_depiction_is_dominant,1,mixed_but_predominantly_female_persons,1,,0,,0,http://upload.wikimedia.org/wikipedia/de/1/1c/Fotografen-am-roten-teppich.jpg
882949386,several_persons_no_single_persons_depiction_is_dominant,1,"mixed_equal_amount_of_male_and_female_persons
mixed_but_predominantly_male_persons","0.6667
0.3333",,0,,0,http://upload.wikimedia.org/wikipedia/commons/a/a1/2009-06-23-flemming-by-RalfR-04.jpg
882949387,several_persons_no_single_persons_depiction_is_dominant,1,"only_male
mixed_equal_amount_of_male_and_female_persons","0.6562
0.3438",,0,,0,http://upload.wikimedia.org/wikipedia/commons/1/1d/Schleifer-1568.png
882949388,one_person,1,,0,,0,male,1,http://upload.wikimedia.org/wikipedia/commons/d/d3/Werkstatt_und_Schleiferei_im_Gew%C3%B6lbekeller_der_Fa._Gottlob_Brucklacher.JPG
882949389,no_person,1,,0,,0,,0,http://upload.wikimedia.org/wikipedia/de/5/59/Werkzeug_as.jpg
882949390,no_person,1,,0,,0,,0,http://upload.wikimedia.org/wikipedia/commons/2/2a/LegoSpritzguss.JPG
882949391,no_person,1,,0,,0,,0,http://upload.wikimedia.org/wikipedia/de/2/28/Werkzeug_ds.jpg
882949392,no_person,1,,0,,0,,0,http://upload.wikimedia.org/wikipedia/commons/0/04/ProgressiveDieToyota-strip-scrap.jpg
882949393,no_person,1,,0,,0,,0,http://upload.wikimedia.org/wikipedia/commons/d/df/AltenpflegemitarbeiterDeutschland.png
882949394,"several_persons_but_one_persons_depiction_is_dominant
several_persons_no_single_persons_depiction_is_dominant","0.6875
0.3125",mixed_but_predominantly_female_persons,0.3125,female,0.6875,,0,http://upload.wikimedia.org/wikipedia/commons/0/01/Bundesarchiv_Bild_183-1985-1206-002%2C_Berlin%2C_Krankenhaus_Friedrichshain%2C_Stationsschwester.jpg
882949395,several_persons_no_single_persons_depiction_is_dominant,1,only_male,1,,0,,0,http://upload.wikimedia.org/wikipedia/commons/6/64/%28Evan_Jenkins_and_David_Jones%2C_two_folk_poets_from_Ffair_Rhos%2C_discussing_their_poems_in_a_cobbler%27s_workshop%29_%286346726249%29.jpg
882949396,"several_persons_no_single_persons_depiction_is_dominant
several_persons_but_one_persons_depiction_is_dominant","0.6667
0.3333",only_male,0.6667,male,0.3333,,0,http://upload.wikimedia.org/wikipedia/commons/9/97/KC-10Cockpit.jpg
882949397,"no_person
several_persons_no_single_persons_depiction_is_dominant","0.6562
0.3438",gender_is_not_recognizable,0.3438,,0,,0,http://upload.wikimedia.org/wikipedia/commons/8/82/ZFA_Azubis_2000-2011.jpg
882949398,no_person,1,,0,,0,,0,http://upload.wikimedia.org/wikipedia/commons/4/46/Green_City.jpg
882949399,no_person,1,,0,,0,,0,http://upload.wikimedia.org/wikipedia/commons/9/98/Park_Glienicke.jpg
882949400,"one_person
several_persons_but_one_persons_depiction_is_dominant","0.6667
0.3333",,0,female,0.3333,female,0.6667,http://upload.wikimedia.org/wikipedia/commons/1/18/Erloeserkathedrale_Fuehrung.jpg
882949401,one_person,1,,0,,0,male,1,http://upload.wikimedia.org/wikipedia/commons/a/ad/Portier_mit_Zylinder.JPG
882949402,"several_persons_no_single_persons_depiction_is_dominant
several_persons_but_one_persons_depiction_is_dominant","0.6562
0.3438",mixed_but_predominantly_male_persons,0.6562,male,0.3438,,0,http://upload.wikimedia.org/wikipedia/commons/e/e1/LondonSmog.jpg
882949403,no_person,1,,0,,0,,0,http://upload.wikimedia.org/wikipedia/commons/7/75/Schriftstellerinnen-Bund_1896.jpg
882949404,no_person,1,,0,,0,,0,http://upload.wikimedia.org/wikipedia/commons/f/fa/Wiener_Gewerbewappen_Leichenbestatter.jpg
882949405,no_person,1,,0,,0,,0,http://upload.wikimedia.org/wikipedia/commons/a/a1/Theater_Bielefeld_Maske.jpg
882949406,no_person,1,,0,,0,,0,http://upload.wikimedia.org/wikipedia/commons/7/7e/Maskenbildnertisch.JPG
882949407,several_persons_no_single_persons_depiction_is_dominant,1,"mixed_equal_amount_of_male_and_female_persons
mixed_but_predominantly_male_persons","0.6667
0.3333",,0,,0,http://upload.wikimedia.org/wikipedia/commons/1/1e/Dubi_Preger.jpg
882949408,no_person,1,,0,,0,,0,http://upload.wikimedia.org/wikipedia/commons/9/9d/Chocolate_melanger.jpg
882949409,no_person,1,,0,,0,,0,http://upload.wikimedia.org/wikipedia/commons/f/f3/Solingen_De-Leuw-Stra%C3%9Fe_2015_020.jpg
882949410,no_person,1,,0,,0,,0,http://upload.wikimedia.org/wikipedia/commons/3/31/Glassblowing_shop.jpg
882949411,"several_persons_but_one_persons_depiction_is_dominant
one_person","0.6667
0.3333",,0,male,0.6667,male,0.3333,http://upload.wikimedia.org/wikipedia/commons/d/db/Glasblaeser.jpg
882949412,no_person,1,,0,,0,,0,http://upload.wikimedia.org/wikipedia/commons/1/11/Skl%C3%A1rna_Nena%C4%8Dovice%2C_02.jpg
882949413,one_person,1,,0,,0,male,1,http://upload.wikimedia.org/wikipedia/commons/f/f5/Joska_Bodenmais_Glasparadies_Kunstglasbl%C3%A4ser_Apparateglasbl%C3%A4ser.jpg
882949414,one_person,1,,0,,0,male,1,http://upload.wikimedia.org/wikipedia/commons/f/f8/Blowing.jpg
882949415,several_persons_no_single_persons_depiction_is_dominant,1,mixed_but_predominantly_male_persons,1,,0,,0,http://upload.wikimedia.org/wikipedia/commons/5/56/3_Schmiede_am_Feuer.jpg
882949416,no_person,1,,0,,0,,0,http://upload.wikimedia.org/wikipedia/commons/c/cd/Kunstschmiede_Kunstgu%C3%9F_Villa-Haas.jpg
882949417,no_person,1,,0,,0,,0,http://upload.wikimedia.org/wikipedia/commons/a/a9/Drache_geschmiedet_1.JPG
882949418,"several_persons_but_one_persons_depiction_is_dominant
several_persons_no_single_persons_depiction_is_dominant","0.6667
0.3333",mixed_but_predominantly_male_persons,0.3333,female,0.6667,,0,http://upload.wikimedia.org/wikipedia/commons/e/e6/Bundesarchiv_Bild_102-00357%2C_Berlin%2C_Kr%C3%A4ftigste_Frau_der_Welt.jpg
882949419,one_person,1,,0,,0,female,1,http://upload.wikimedia.org/wikipedia/commons/4/41/Fair_employee_at_balloon_game.jpg
882949420,one_person,1,,0,,0,female,1,http://upload.wikimedia.org/wikipedia/commons/c/cd/Contorsionist.jpg
882949421,one_person,1,,0,,0,male,1,http://upload.wikimedia.org/wikipedia/commons/f/f5/Mendel_II_047_r.jpg
882949422,"one_person
no_person","0.6667
0.3333",,0,,0,male,0.6667,http://upload.wikimedia.org/wikipedia/commons/e/e1/Fotothek_df_tg_0002165_St%C3%A4ndebuch_%5E_Handwerk_%5E_Drechsler.jpg
882949423,no_person,1,,0,,0,,0,http://upload.wikimedia.org/wikipedia/commons/4/4e/Elfenbeinschnitzerei_%C3%9Cberseemuseum_Bremen_2009_001a.JPG
882949424,one_person,1,,0,,0,male,1,http://upload.wikimedia.org/wikipedia/commons/3/31/Holzschnitzer-CTH.JPG
882949425,several_persons_no_single_persons_depiction_is_dominant,1,"mixed_but_predominantly_male_persons
mixed_equal_amount_of_male_and_female_persons","0.6875
0.3125",,0,,0,http://upload.wikimedia.org/wikipedia/commons/c/c0/Fotothek_df_tg_0008525_St%C3%A4ndebuch_%5E_Handwerk_%5E_Beruf_%5E_Kunst_%5E_Kunsthandwerk_%5E_Gips_%5E_Alabaster_%5E_Drech.jpg
882949426,one_person,1,,0,,0,male,1,http://upload.wikimedia.org/wikipedia/commons/f/f4/Drechsler_in_Osttimor.jpg
882949427,one_person,1,,0,,0,male,1,http://upload.wikimedia.org/wikipedia/commons/b/b9/Landauer_I_123_r.jpg
882949428,no_person,1,,0,,0,,0,http://upload.wikimedia.org/wikipedia/commons/0/03/Ivory_objects_from_German_workshops%2C_17._century.jpg
882949429,one_person,1,,0,,0,male,1,http://upload.wikimedia.org/wikipedia/commons/f/f1/Medientechnologe_Druckverarbeitung_MTDV-08-068.jpg
882949430,one_person,1,,0,,0,male,1,http://upload.wikimedia.org/wikipedia/commons/c/c2/Medientechnologie_Druckverarbeitung_MTDV-11-183.jpg
882949431,no_person,1,,0,,0,,0,http://upload.wikimedia.org/wikipedia/commons/5/52/Medientechnologe_Druckverarbeitung_%C3%9Cbersicht_Pr%C3%BCfungsstruktur.JPG
882949432,"several_persons_no_single_persons_depiction_is_dominant
several_persons_but_one_persons_depiction_is_dominant","0.6667
0.3333",mixed_equal_amount_of_male_and_female_persons,0.6667,female,0.3333,,0,http://upload.wikimedia.org/wikipedia/commons/f/f5/Waitress_taking_an_order.jpg
882949433,no_person,1,,0,,0,,0,http://upload.wikimedia.org/wikipedia/de/5/5b/Sattlermuseum.jpg
882949434,one_person,1,,0,,0,male,1,http://upload.wikimedia.org/wikipedia/de/5/50/Sattler_bei_der_Arbeit.JPG
882949435,no_person,1,,0,,0,,0,http://upload.wikimedia.org/wikipedia/commons/c/cf/Sattlerwerkzeug01.jpg
882949436,no_person,1,,0,,0,,0,http://upload.wikimedia.org/wikipedia/commons/b/bf/Sattler.jpg
882949437,no_person,1,,0,,0,,0,http://upload.wikimedia.org/wikipedia/commons/8/87/Bremen_Wappen.png
882949438,no_person,1,,0,,0,,0,http://upload.wikimedia.org/wikipedia/commons/9/9c/Arbeitsamt_Passau.jpg
882949439,"several_persons_no_single_persons_depiction_is_dominant
several_persons_but_one_persons_depiction_is_dominant","0.6667
0.3333",mixed_equal_amount_of_male_and_female_persons,0.6667,male,0.3333,,0,http://upload.wikimedia.org/wikipedia/commons/3/3a/Bundesarchiv_B_145_Bild-P109965%2C_Berlin%2C_Arbeitsamt_Sonnenallee%2C_Arbeitsvermittlung.jpg
882949440,several_persons_no_single_persons_depiction_is_dominant,1,only_male,1,,0,,0,http://upload.wikimedia.org/wikipedia/commons/0/0c/Bundesarchiv_B_145_Bild-F079069-0006%2C_Bonn%2C_Arbeitsamt.jpg
882949441,no_person,1,,0,,0,,0,http://upload.wikimedia.org/wikipedia/commons/7/7c/Wappen_der_Schriftgiesser.jpg
882949442,one_person,1,,0,,0,male,1,http://upload.wikimedia.org/wikipedia/commons/7/7d/Geigenbauerwerkstatt.jpg
882949443,no_person,1,,0,,0,,0,http://upload.wikimedia.org/wikipedia/commons/8/8a/Geige_wei%C3%9F.png
882949444,one_person,1,,0,,0,female,1,http://upload.wikimedia.org/wikipedia/commons/5/5a/Varnishing_a_violin.jpg
882949445,no_person,1,,0,,0,,0,http://upload.wikimedia.org/wikipedia/commons/9/9b/Fingerhoevle.jpg
882949446,no_person,1,,0,,0,,0,http://upload.wikimedia.org/wikipedia/commons/0/00/Cremonascola.jpg
882949447,one_person,1,,0,,0,female,1,http://upload.wikimedia.org/wikipedia/commons/7/71/Workshop_luthier.jpg
882949448,no_person,1,,0,,0,,0,http://upload.wikimedia.org/wikipedia/commons/5/5f/Animal_Cell_Cross_Section_Model.jpg
882949449,"several_persons_but_one_persons_depiction_is_dominant
one_person","0.6562
0.3438",,0,male,0.6562,male,0.3438,http://upload.wikimedia.org/wikipedia/commons/7/71/CardiopulmonaryResuscitationBabyDummy.jpg
882949450,"several_persons_no_single_persons_depiction_is_dominant
several_persons_but_one_persons_depiction_is_dominant","0.6667
0.3333",mixed_but_predominantly_female_persons,0.6667,female,0.3333,,0,http://upload.wikimedia.org/wikipedia/commons/b/b6/Bundesarchiv_Bild_183-26072-0002%2C_LPG_Niedergoseln%2C_Blick_in_die_Kinderkrippe.jpg
882949451,"several_persons_no_single_persons_depiction_is_dominant
several_persons_but_one_persons_depiction_is_dominant","0.6667
0.3333",mixed_but_predominantly_female_persons,0.6667,female,0.3333,,0,http://upload.wikimedia.org/wikipedia/commons/6/6d/COLLECTIE_TROPENMUSEUM_Portret_van_een_baboe_met_kinderen_in_de_deuropening_van_een_huis_voor_Europeanen_op_Aek_na_Oeli_TMnr_60051111.jpg
882949452,one_person,1,,0,,0,male,1,http://upload.wikimedia.org/wikipedia/commons/e/e4/Trumpetmaker.jpg
882949453,"several_persons_no_single_persons_depiction_is_dominant
several_persons_but_one_persons_depiction_is_dominant","0.6667
0.3333",only_male,0.6667,male,0.3333,,0,http://upload.wikimedia.org/wikipedia/commons/f/f6/Bundesarchiv_Bild_183-42212-0001%2C_Frauenprie%C3%9Fnitz%2C_Bauern_im_Kuhstall.jpg
882949454,"several_persons_but_one_persons_depiction_is_dominant
several_persons_no_single_persons_depiction_is_dominant","0.6667
0.3333",gender_is_not_recognizable,0.3333,female,0.6667,,0,http://upload.wikimedia.org/wikipedia/commons/c/cc/Fotothek_df_ps_0002497_Bildnisse_-_Portr%C3%A4ts_%5E_Kinderg%C3%A4rtnerinnen_-_Erzieherinnen.jpg
882949455,one_person,1,,0,,0,male,1,http://upload.wikimedia.org/wikipedia/commons/c/cd/Mandenmaker_Zuiderzeemuseum.jpg
882949456,"one_person
no_person","0.6667
0.3333",,0,,0,"male
gender_is_not_recognizable","0.3333
0.3333",http://upload.wikimedia.org/wikipedia/commons/8/8b/Tejedor_de_mimbre_02.JPG
882949457,"one_person
several_persons_but_one_persons_depiction_is_dominant","0.6667
0.3333",,0,female,0.3333,female,0.6667,http://upload.wikimedia.org/wikipedia/commons/d/d4/Fotothek_df_roe-neg_0001729_004_Kernmacherin_bei_der_Arbeit.jpg
882949458,one_person,1,,0,,0,"male
gender_is_not_recognizable
female","0.3438
0.3438
0.3125",http://upload.wikimedia.org/wikipedia/commons/0/00/Van_Gogh_-_Weber_am_Webstuhl_-_%28Profil_nach_rechts%293.jpeg
882949459,one_person,1,,0,,0,"male
gender_is_not_recognizable
female","0.3333
0.3333
0.3333",http://upload.wikimedia.org/wikipedia/commons/d/d6/Henni_webt.jpg
882949460,no_person,1,,0,,0,,0,http://upload.wikimedia.org/wikipedia/commons/6/66/Weberhaus.jpg
882949461,no_person,1,,0,,0,,0,http://upload.wikimedia.org/wikipedia/commons/a/ab/Haus_Kr%C3%A4nholm%2C_Wappen_Knoop_FHB1883.jpg
882949462,one_person,1,,0,,0,male,1,http://upload.wikimedia.org/wikipedia/commons/e/e9/Steinmetz-brunnen.jpg
882949463,"several_persons_no_single_persons_depiction_is_dominant
several_persons_but_one_persons_depiction_is_dominant","0.6562
0.3438",only_male,0.6562,male,0.3438,,0,http://upload.wikimedia.org/wikipedia/commons/a/ae/DBP_1986_1275_Jugend_Maurer.jpg
882949464,several_persons_no_single_persons_depiction_is_dominant,1,"only_male
mixed_but_predominantly_male_persons","0.6667
0.3333",,0,,0,http://upload.wikimedia.org/wikipedia/commons/4/43/Maurer_1880.jpg
882949465,no_person,1,,0,,0,,0,http://upload.wikimedia.org/wikipedia/commons/b/b8/Firmenschild_des_Maurers_Diogenes_Pompeji.jpg
882949466,no_person,1,,0,,0,,0,http://upload.wikimedia.org/wikipedia/commons/b/bf/1838-10_Conrad_Mohrbotter_Wanderbuch_Maurergeselle_K%C3%B6nigreich_Hannover%2C_%2802%29.jpg
882949467,one_person,1,,0,,0,male,1,http://upload.wikimedia.org/wikipedia/commons/d/db/Bricklayer_J4.jpg
882949468,no_person,1,,0,,0,,0,http://upload.wikimedia.org/wikipedia/commons/a/ab/Maurerlade_A.JPG
882949469,"several_persons_but_one_persons_depiction_is_dominant
one_person","0.6562
0.3438",,0,female,0.6562,female,0.3438,http://upload.wikimedia.org/wikipedia/commons/0/0d/Reporter.jpg
882949470,"several_persons_no_single_persons_depiction_is_dominant
several_persons_but_one_persons_depiction_is_dominant","0.6667
0.3333",mixed_equal_amount_of_male_and_female_persons,0.6667,gender_is_not_recognizable,0.3333,,0,http://upload.wikimedia.org/wikipedia/commons/3/37/US_Navy_050427-N-9693B-004_Dental_Hygienist_Liza_Siwa_conducts_a_routine_cleaning.jpg
882949471,one_person,1,,0,,0,"female
male","0.6562
0.3438",http://upload.wikimedia.org/wikipedia/commons/6/68/ScientificReview.jpg
882949472,"no_person
several_persons_no_single_persons_depiction_is_dominant","0.6667
0.3333",gender_is_not_recognizable,0.3333,,0,,0,http://upload.wikimedia.org/wikipedia/commons/8/84/Altena_-_J%C3%A4gerplatz_-_Drahtzieher_03_ies.jpg
882949473,no_person,1,,0,,0,,0,http://upload.wikimedia.org/wikipedia/commons/6/6f/Metallzaun_vor_Hecke_und_Mauer.jpg
882949474,no_person,1,,0,,0,,0,http://upload.wikimedia.org/wikipedia/commons/1/19/Pirna_Schandauer_Stra%C3%9Fe_Werbung_Margonwasser_%2802-2%29.jpg
882949475,one_person,1,,0,,0,male,1,http://upload.wikimedia.org/wikipedia/commons/f/ff/Lautenmacher-1568.png
882949476,no_person,1,,0,,0,,0,http://upload.wikimedia.org/wikipedia/de/1/17/Sprayhood.jpg
882949477,no_person,1,,0,,0,,0,http://upload.wikimedia.org/wikipedia/de/8/89/Sonnensegel.jpg
882949478,no_person,1,,0,,0,,0,http://upload.wikimedia.org/wikipedia/commons/f/fc/Sailmaker_sewing_machine_station_2.JPG
882949480,no_person,1,,0,,0,,0,http://upload.wikimedia.org/wikipedia/commons/4/4f/Sailmaker_sewing_machine_station_1.JPG
882949481,no_person,1,,0,,0,,0,http://upload.wikimedia.org/wikipedia/commons/7/72/Sailmaking.jpg
882949482,"several_persons_but_one_persons_depiction_is_dominant
no_person","0.6667
0.3333",,0,female,0.6667,,0,http://upload.wikimedia.org/wikipedia/commons/a/a4/Fotothek_df_tg_0008492_St%C3%A4ndebuch_%5E_Beruf_%5E_Handwerk_%5E_Segel.jpg
882949483,"one_person
no_person","0.6667
0.3333",,0,,0,"gender_is_not_recognizable
female","0.3333
0.3333",http://upload.wikimedia.org/wikipedia/commons/a/a9/Sailmaker%27s_palm_and_needle.JPG
882949484,no_person,1,,0,,0,,0,http://upload.wikimedia.org/wikipedia/commons/2/28/Kevlar-Carbon-Sail.JPG
882949485,"several_persons_but_one_persons_depiction_is_dominant
several_persons_no_single_persons_depiction_is_dominant","0.6667
0.3333",only_male,0.3333,male,0.6667,,0,http://upload.wikimedia.org/wikipedia/commons/0/00/Goldschlager-1568.png
882949486,several_persons_no_single_persons_depiction_is_dominant,1,"only_male
gender_is_not_recognizable","0.6667
0.3333",,0,,0,http://upload.wikimedia.org/wikipedia/commons/d/dd/Burma04_261.JPG
882949487,"one_person
no_person","0.6562
0.3438",,0,,0,male,0.6562,http://upload.wikimedia.org/wikipedia/commons/f/fc/Denkmal_Goldschlaeger_fcm.jpg
882949488,one_person,1,,0,,0,male,1,http://upload.wikimedia.org/wikipedia/commons/c/c8/Estrichglaettung_3.jpg
882949489,several_persons_no_single_persons_depiction_is_dominant,1,only_male,1,,0,,0,http://upload.wikimedia.org/wikipedia/de/8/8f/Wiki_Schneckenbohrtechnik_3.jpg
882949490,one_person,1,,0,,0,male,1,http://upload.wikimedia.org/wikipedia/commons/c/ce/%D0%9A%D0%BE%D0%BD%D1%84%D0%B5%D1%80%D0%B0%D0%BD%D1%81%D1%8C%D0%B5_%D0%90%D0%BB%D0%B5%D0%BA%D1%81%D0%B0%D0%BD%D0%B4%D1%80_%D0%93%D1%80%D0%B5%D1%86%D0%B0.JPG
882949491,no_person,1,,0,,0,,0,http://upload.wikimedia.org/wikipedia/commons/f/fd/GDR_Army_OR6_Feldwebel.gif
882949492,no_person,1,,0,,0,,0,http://upload.wikimedia.org/wikipedia/commons/a/a2/GDR_Navy_OR6_Meister.gif
882949493,no_person,1,,0,,0,,0,http://upload.wikimedia.org/wikipedia/commons/7/72/FeldwebelEpaulette.jpg
882949494,no_person,1,,0,,0,,0,http://upload.wikimedia.org/wikipedia/commons/c/c6/FW_cam_slv.gif
882949495,no_person,1,,0,,0,,0,http://upload.wikimedia.org/wikipedia/commons/0/07/K.u.k._Feldwebel.png
882949496,several_persons_no_single_persons_depiction_is_dominant,1,only_male,1,,0,,0,http://upload.wikimedia.org/wikipedia/commons/1/19/Fotothek_df_n-15_0000158_Facharbeiter_f%C3%BCr_Fertigungsmittel.jpg
882949497,one_person,1,,0,,0,male,1,http://upload.wikimedia.org/wikipedia/commons/e/e5/Scross_helmsman.jpg
882949498,no_person,1,,0,,0,,0,http://upload.wikimedia.org/wikipedia/commons/d/d1/Hoher_CO-Gehalt_an_einer_stark_verschmutzten_Gas-Therme.jpg
882949499,one_person,1,,0,,0,male,1,http://upload.wikimedia.org/wikipedia/commons/c/c7/Kaminkehrer1.jpg
882949500,several_persons_no_single_persons_depiction_is_dominant,1,mixed_equal_amount_of_male_and_female_persons,1,,0,,0,http://upload.wikimedia.org/wikipedia/commons/5/51/Kaminfegerausbildung-2008_09_10_038.jpg
882949501,one_person,1,,0,,0,male,1,http://upload.wikimedia.org/wikipedia/commons/a/ab/Chimneysweep.png
882949502,one_person,1,,0,,0,gender_is_not_recognizable,1,http://upload.wikimedia.org/wikipedia/commons/e/e6/Defektes_Abgasrohr_einer_Gas-Heizung.jpg
882949503,one_person,1,,0,,0,male,1,http://upload.wikimedia.org/wikipedia/de/9/91/Kaminfeger_2008.JPG
882949504,one_person,1,,0,,0,"male
female","0.6562
0.3438",http://upload.wikimedia.org/wikipedia/commons/5/55/Ramoneur_savoie.jpg
882949505,one_person,1,,0,,0,male,1,http://upload.wikimedia.org/wikipedia/commons/4/4d/Abbatia_CIST_Sbernadiensis_27a.jpg
882949506,one_person,1,,0,,0,"female
gender_is_not_recognizable","0.6667
0.3333",http://upload.wikimedia.org/wikipedia/commons/7/78/Porzellanmanufaktur_Ludwigsburg_Rosentraummalen.jpg
882949507,"several_persons_but_one_persons_depiction_is_dominant
one_person","0.6452
0.3548",,0,female,0.6452,female,0.3548,http://upload.wikimedia.org/wikipedia/commons/1/12/Bundesarchiv_Bild_183-1989-0103-010%2C_Weimar-Porzellan%2C_Malerei.jpg
882949508,no_person,1,,0,,0,,0,http://upload.wikimedia.org/wikipedia/commons/1/15/Kersting_-_Entwurf_f%C3%BCr_einen_Wandteller_-_1818.jpg
882949509,no_person,1,,0,,0,,0,http://upload.wikimedia.org/wikipedia/commons/c/c9/Cologne_Germany_Kaufmannsgehilfenbrief-IHK-K%C3%B6ln-Innenseite.jpg
882949510,no_person,1,,0,,0,,0,http://upload.wikimedia.org/wikipedia/commons/0/06/Umbrella.png
882949511,several_persons_no_single_persons_depiction_is_dominant,1,mixed_but_predominantly_female_persons,1,,0,,0,http://upload.wikimedia.org/wikipedia/commons/6/6b/Anton_Doll_Schirmverk%C3%A4ufer.jpg
882949512,no_person,1,,0,,0,,0,http://upload.wikimedia.org/wikipedia/commons/4/45/Ombrelles.jpg
882949513,"several_persons_no_single_persons_depiction_is_dominant
several_persons_but_one_persons_depiction_is_dominant","0.6667
0.3333","mixed_equal_amount_of_male_and_female_persons
mixed_but_predominantly_male_persons","0.3333
0.3333",male,0.3333,,0,http://upload.wikimedia.org/wikipedia/commons/d/d4/Gustave_Caillebotte_-_Jour_de_pluie_%C3%A0_Paris.jpg
882949514,no_person,1,,0,,0,,0,http://upload.wikimedia.org/wikipedia/commons/1/14/BlueWhaleSkeleton.jpg
882949515,one_person,1,,0,,0,male,1,http://upload.wikimedia.org/wikipedia/commons/1/1d/Europasaurus_Praeparation.JPG
882949516,no_person,1,,0,,0,,0,http://upload.wikimedia.org/wikipedia/commons/5/56/Schlachter_P7100251a.JPG
882949517,one_person,1,,0,,0,"male
gender_is_not_recognizable","0.6667
0.3333",http://upload.wikimedia.org/wikipedia/commons/8/83/Hafenarbeit.JPG
882949518,"several_persons_no_single_persons_depiction_is_dominant
several_persons_but_one_persons_depiction_is_dominant","0.6562
0.3438",only_male,0.6562,male,0.3438,,0,http://upload.wikimedia.org/wikipedia/commons/4/48/Dockers%27_work_difference.jpg
882949519,"several_persons_no_single_persons_depiction_is_dominant
several_persons_but_one_persons_depiction_is_dominant","0.6667
0.3333","only_male
mixed_but_predominantly_male_persons","0.3333
0.3333",male,0.3333,,0,http://upload.wikimedia.org/wikipedia/commons/6/6c/Hamburger_Hafen_1900_Kaiarbeiter_am_Kai.jpg
882949520,"no_person
one_person","0.6667
0.3333",,0,,0,gender_is_not_recognizable,0.3333,http://upload.wikimedia.org/wikipedia/commons/b/b3/Hafenarbeit1.JPG
882949521,"several_persons_no_single_persons_depiction_is_dominant
several_persons_but_one_persons_depiction_is_dominant","0.6667
0.3333","only_male
mixed_but_predominantly_male_persons","0.3333
0.3333",male,0.3333,,0,http://upload.wikimedia.org/wikipedia/commons/4/48/1893-Gaengev-Aug-Schacht.gif
882949522,several_persons_no_single_persons_depiction_is_dominant,1,only_male,1,,0,,0,http://upload.wikimedia.org/wikipedia/commons/c/c7/Bundesarchiv_Bild_102-11008%2C_Hamburg%2C_Arbeitslose_Hafenarbeiter_im_Hafenviertel.jpg
882949523,several_persons_no_single_persons_depiction_is_dominant,1,only_male,1,,0,,0,http://upload.wikimedia.org/wikipedia/commons/9/9c/Stevedores_ny_1912.jpg
882949524,several_persons_no_single_persons_depiction_is_dominant,1,only_male,1,,0,,0,http://upload.wikimedia.org/wikipedia/commons/thumb/4/43/New_York%2C_New_York_-_Longshoremen._This_shows_the_prevailing_method_of_transferring_bananas_from_the_end_on_the..._-_NARA_-_518789.tif/lossy-page1-500px-New_York%2C_New_York_-_Longshoremen._This_shows_the_prevailing_method_of_transferring_bananas_from_the_end_on_the..._-_NARA_-_518789.tif.jpg
882949525,one_person,1,,0,,0,male,1,http://upload.wikimedia.org/wikipedia/commons/2/22/Baureihe52Heizer.jpg
882949526,one_person,1,,0,,0,male,1,http://upload.wikimedia.org/wikipedia/commons/5/54/Boiler_man.jpg
882949527,one_person,1,,0,,0,male,1,http://upload.wikimedia.org/wikipedia/commons/9/94/Peter_parler.jpg
882949528,"several_persons_no_single_persons_depiction_is_dominant
several_persons_but_one_persons_depiction_is_dominant","0.6452
0.3548","gender_is_not_recognizable
mixed_but_predominantly_male_persons","0.3548
0.2903",male,0.3548,,0,http://upload.wikimedia.org/wikipedia/commons/3/3b/Chodowiecki_Basedow_Tafel_19_d.jpg
882949529,no_person,1,,0,,0,,0,http://upload.wikimedia.org/wikipedia/commons/4/47/Flat-iron-stove.jpg
882949530,one_person,1,,0,,0,male,1,http://upload.wikimedia.org/wikipedia/commons/c/c2/A_Tailor_at_Work_%286920059143%29.jpg
882949531,"several_persons_no_single_persons_depiction_is_dominant
several_persons_but_one_persons_depiction_is_dominant","0.6562
0.3438",only_female,0.6562,female,0.3438,,0,http://upload.wikimedia.org/wikipedia/commons/d/da/Bundesarchiv_Bild_183-K0508-0004-001%2C_Leipzig%2C_25_Jahre_Verlag_f%C3%BCr_die_Frau.jpg
882949532,"several_persons_but_one_persons_depiction_is_dominant
several_persons_no_single_persons_depiction_is_dominant","0.6667
0.3333",only_male,0.3333,male,0.6667,,0,http://upload.wikimedia.org/wikipedia/commons/4/4a/Bundesarchiv_Bild_183-53194-0002%2C_Gera%2C_%22Modezentrum%22.jpg
882949533,one_person,1,,0,,0,male,1,http://upload.wikimedia.org/wikipedia/de/4/48/SchneiderMA.png
882949534,"several_persons_but_one_persons_depiction_is_dominant
several_persons_no_single_persons_depiction_is_dominant","0.6667
0.3333",only_male,0.3333,male,0.6667,,0,http://upload.wikimedia.org/wikipedia/commons/e/e5/Schneider-1568.png
882949535,"several_persons_no_single_persons_depiction_is_dominant
no_person","0.6667
0.3333",mixed_but_predominantly_male_persons,0.6667,,0,,0,http://upload.wikimedia.org/wikipedia/commons/c/c7/Mens_Styles_NY_Tailor_1914_Young_Men.jpg
882949536,several_persons_but_one_persons_depiction_is_dominant,1,,0,male,1,,0,http://upload.wikimedia.org/wikipedia/commons/b/ba/Bundestagsfrack-vorn.jpg
882949537,one_person,1,,0,,0,male,1,http://upload.wikimedia.org/wikipedia/commons/5/57/Bundestagsfrack-fliege.jpg
882949538,no_person,1,,0,,0,,0,http://upload.wikimedia.org/wikipedia/commons/b/b4/Bundestagsfrack-vorn-nah1.jpg
882949539,one_person,1,,0,,0,"gender_is_not_recognizable
male","0.6562
0.3438",http://upload.wikimedia.org/wikipedia/commons/d/df/Bundestagsfrack-hinten.jpg
882949540,one_person,1,,0,,0,female,1,http://upload.wikimedia.org/wikipedia/commons/2/26/Ruth_Behar.jpg
882949541,one_person,1,,0,,0,male,1,http://upload.wikimedia.org/wikipedia/commons/a/aa/Martin_von_Hildebrand_20090415.jpg
882949542,no_person,1,,0,,0,,0,http://upload.wikimedia.org/wikipedia/commons/9/93/Echapement.jpg
882949543,one_person,1,,0,,0,male,1,http://upload.wikimedia.org/wikipedia/commons/f/f8/Kartograph.jpg
882949544,no_person,1,,0,,0,,0,http://upload.wikimedia.org/wikipedia/commons/9/94/German_merchantmarine_mate_licence_-_1962.png
882949545,one_person,1,,0,,0,male,1,http://upload.wikimedia.org/wikipedia/commons/f/f3/Gunsmith.jpg
882949546,several_persons_no_single_persons_depiction_is_dominant,1,only_male,1,,0,,0,http://upload.wikimedia.org/wikipedia/commons/0/0c/Buechsenschmidt-1568.png
882949547,one_person,1,,0,,0,"gender_is_not_recognizable
male","0.6667
0.3333",http://upload.wikimedia.org/wikipedia/commons/7/7f/Checkering_Duane1.JPG
882949548,"several_persons_no_single_persons_depiction_is_dominant
one_person","0.6562
0.3438",only_male,0.6562,,0,male,0.3438,http://upload.wikimedia.org/wikipedia/de/1/19/Henry-Rox.jpg
882949549,no_person,1,,0,,0,,0,http://upload.wikimedia.org/wikipedia/commons/f/f6/FachaerzteDeutschland.png
882949550,several_persons_no_single_persons_depiction_is_dominant,1,only_male,1,,0,,0,http://upload.wikimedia.org/wikipedia/commons/f/f8/Bundesarchiv_Bild_183-1987-0619-002%2C_Wismar%2C_Ausbildung_zum_Forstfacharbeiter.jpg
882949551,"several_persons_no_single_persons_depiction_is_dominant
several_persons_but_one_persons_depiction_is_dominant","0.6562
0.3438",mixed_but_predominantly_male_persons,0.6562,male,0.3438,,0,http://upload.wikimedia.org/wikipedia/commons/a/a0/Bertha_Benz_with_her_husband_Carl_Benz_in_a_Benz-Viktoria%2C_model_1894.jpg
882949552,no_person,1,,0,,0,,0,http://upload.wikimedia.org/wikipedia/commons/6/61/HGB_Vertretungsregelungen_in_Deutschland.png
882949553,one_person,1,,0,,0,male,1,http://upload.wikimedia.org/wikipedia/commons/6/6d/John_Hullock_Drummond.jpg
882949554,no_person,1,,0,,0,,0,http://upload.wikimedia.org/wikipedia/commons/3/30/Bundesverfassungsgericht_Richterroben.jpg
882949555,one_person,1,,0,,0,male,1,http://upload.wikimedia.org/wikipedia/commons/5/54/Mendel_I_033_r.jpg
882949556,no_person,1,,0,,0,,0,http://upload.wikimedia.org/wikipedia/commons/0/04/Dom_Sakristei_Brixen_2005-12-13.jpg
882949557,several_persons_no_single_persons_depiction_is_dominant,1,only_male,1,,0,,0,http://upload.wikimedia.org/wikipedia/commons/e/e0/Bundesarchiv_Bild_183-R92793%2C_Brunnenbauer.jpg
882949558,several_persons_no_single_persons_depiction_is_dominant,1,only_male,1,,0,,0,http://upload.wikimedia.org/wikipedia/commons/7/75/Taban_Air%27s_McDonnell_Douglas_MD-82.jpg
882949559,one_person,1,,0,,0,"gender_is_not_recognizable
male","0.6667
0.3333",http://upload.wikimedia.org/wikipedia/commons/9/9e/Defense.gov_News_Photo_060803-F-2907C-107.jpg
882949560,no_person,1,,0,,0,,0,http://upload.wikimedia.org/wikipedia/de/f/f9/Stein-Kopierfraeser.JPG
882949561,one_person,1,,0,,0,male,1,http://upload.wikimedia.org/wikipedia/de/6/69/Steinarbeit.JPG
882949562,no_person,1,,0,,0,,0,http://upload.wikimedia.org/wikipedia/de/3/3c/Kopier-Auto.jpg
882949563,no_person,1,,0,,0,,0,http://upload.wikimedia.org/wikipedia/commons/6/65/Kopierfraeser1.jpg
882949564,no_person,1,,0,,0,,0,http://upload.wikimedia.org/wikipedia/commons/7/7f/Kopierfr%C3%A4ser-Spanien.jpg
882949565,no_person,1,,0,,0,,0,http://upload.wikimedia.org/wikipedia/commons/c/cf/Staatstheater_Darmstadt_Mahlerwerckstadt.jpg
882949566,one_person,1,,0,,0,male,1,http://upload.wikimedia.org/wikipedia/commons/c/cd/Korbmacher01.jpg
882949567,one_person,1,,0,,0,male,1,http://upload.wikimedia.org/wikipedia/commons/5/52/Korbflechter_auf_Mittelaltermarkt.jpg
882949568,no_person,1,,0,,0,,0,http://upload.wikimedia.org/wikipedia/commons/c/c7/K%C3%BCrschnerflechten%2C_Hermann_Weide%2C_Korbmachermeister%2C_R%C3%B6tha_bei_Leipzig%2C_Anzeige1921.jpg
882949569,no_person,1,,0,,0,,0,http://upload.wikimedia.org/wikipedia/commons/d/dd/Flechte_auf_Stechkarre.jpg
882949570,no_person,1,,0,,0,,0,http://upload.wikimedia.org/wikipedia/commons/9/94/2011_12_30_Hauptschule_technische_Schiffsingausbildung_farbe.JPG
882949571,"one_person
no_person","0.6667
0.3333",,0,,0,"male
gender_is_not_recognizable","0.3333
0.3333",http://upload.wikimedia.org/wikipedia/commons/2/2c/ZSG_-_Stadt_Z%C3%BCrich_2010-06-20_18-45-38.JPG
882949572,no_person,1,,0,,0,,0,http://upload.wikimedia.org/wikipedia/commons/9/92/Walldorf_Wappenbaum_Wappen_KFZ-Handwerk.JPG
882949573,one_person,1,,0,,0,male,1,http://upload.wikimedia.org/wikipedia/commons/3/3a/Fahrwerksvermessung.jpg
882949574,several_persons_no_single_persons_depiction_is_dominant,1,"only_male
mixed_but_predominantly_male_persons","0.6667
0.3333",,0,,0,http://upload.wikimedia.org/wikipedia/commons/2/2e/Fotothek_df_roe-neg_0006247_022_Kraftfahrzeugschlosser_bei_der_Reparatur_eines_M.jpg
882949575,several_persons_but_one_persons_depiction_is_dominant,1,,0,male,1,,0,http://upload.wikimedia.org/wikipedia/commons/9/93/Bundesarchiv_B_145_Bild-F010147-0011%2C_Salzgitter_AG%2C_Bedienung_F%C3%B6rdermaschine.jpg
882949576,one_person,1,,0,,0,male,1,http://upload.wikimedia.org/wikipedia/commons/3/37/Foerdermaschine_02.JPG
882949577,several_persons_no_single_persons_depiction_is_dominant,1,"mixed_but_predominantly_male_persons
mixed_equal_amount_of_male_and_female_persons","0.6875
0.3125",,0,,0,http://upload.wikimedia.org/wikipedia/commons/3/34/Sir_John_Everett_Millais_002.jpg
882949578,no_person,1,,0,,0,,0,http://upload.wikimedia.org/wikipedia/commons/7/7e/ZimmererSiegel.jpg
882949579,no_person,1,,0,,0,,0,http://upload.wikimedia.org/wikipedia/commons/7/7e/Noe_carpenters_tools.jpg