	language_label	profession	wikipedia_link	image_link
0	de	Honorarprofessor	http://de.wikipedia.org/wiki/Honorarprofessor	-
1	da	Honorarprofessor	http://da.wikipedia.org/wiki/Adjungeret_professor	-
2	en	Honorarprofessor	http://en.wikipedia.org/wiki/Honorary_title_(academic)	http://upload.wikimedia.org/wikipedia/commons/a/a5/Nuvola_apps_bookcase.svg
3	ja	Honorarprofessor	http://ja.wikipedia.org/wiki/%E5%AD%A6%E8%A1%93%E7%A7%B0%E5%8F%B7	-
4	no	Honorarprofessor	http://no.wikipedia.org/wiki/Adjungert_professor	http://upload.wikimedia.org/wikipedia/commons/9/99/Question_book-new.svg
5	de	Komparse	http://de.wikipedia.org/wiki/Komparse	http://upload.wikimedia.org/wikipedia/de/1/1c/Fotografen-am-roten-teppich.jpg
6	de	Komparse	http://de.wikipedia.org/wiki/Komparse	http://upload.wikimedia.org/wikipedia/commons/a/a1/2009-06-23-flemming-by-RalfR-04.jpg
7	en	Komparse	http://en.wikipedia.org/wiki/Extra_(actor)	-
8	he	Komparse	http://he.wikipedia.org/wiki/%D7%91%D7%99%D7%98_(%D7%90%D7%9E%D7%A0%D7%95%D7%AA_%D7%94%D7%91%D7%9E%D7%94)	-
9	id	Komparse	http://id.wikipedia.org/wiki/Figuran	http://upload.wikimedia.org/wikipedia/commons/2/26/Nuvola_apps_aktion.png
10	pl	Komparse	http://pl.wikipedia.org/wiki/Rola_epizodyczna	http://upload.wikimedia.org/wikipedia/commons/6/67/WiktionaryPl_nodesc.svg
11	de	Missionar	http://de.wikipedia.org/wiki/Missionar	-
12	af	Missionar	http://af.wikipedia.org/wiki/Sendeling	http://upload.wikimedia.org/wikipedia/af/b/bd/Georg_Schmidt.jpg
13	af	Missionar	http://af.wikipedia.org/wiki/Sendeling	http://upload.wikimedia.org/wikipedia/commons/4/4a/Commons-logo.svg
14	af	Missionar	http://af.wikipedia.org/wiki/Sendeling	http://upload.wikimedia.org/wikipedia/commons/f/fb/George_French_Angas03.jpg
15	als	Missionar	http://als.wikipedia.org/wiki/Missionar	-
16	ar	Missionar	http://ar.wikipedia.org/wiki/%D9%85%D8%A8%D8%B4%D8%B1%D9%88%D9%86	http://upload.wikimedia.org/wikipedia/commons/3/3d/Martires_de_elicura.jpg
17	ar	Missionar	http://ar.wikipedia.org/wiki/%D9%85%D8%A8%D8%B4%D8%B1%D9%88%D9%86	http://upload.wikimedia.org/wikipedia/commons/6/61/Crystal_Clear_app_kdict.png
18	ar	Missionar	http://ar.wikipedia.org/wiki/%D9%85%D8%A8%D8%B4%D8%B1%D9%88%D9%86	http://upload.wikimedia.org/wikipedia/commons/7/71/Rugendas_-_Aldea_des_Tapuyos.jpg
19	ar	Missionar	http://ar.wikipedia.org/wiki/%D9%85%D8%A8%D8%B4%D8%B1%D9%88%D9%86	http://upload.wikimedia.org/wikipedia/commons/2/28/P_religion_world.svg
20	ar	Missionar	http://ar.wikipedia.org/wiki/%D9%85%D8%A8%D8%B4%D8%B1%D9%88%D9%86	http://upload.wikimedia.org/wikipedia/commons/4/4a/Commons-logo.svg
21	ar	Missionar	http://ar.wikipedia.org/wiki/%D9%85%D8%A8%D8%B4%D8%B1%D9%88%D9%86	http://upload.wikimedia.org/wikipedia/commons/5/5c/ChristianitySymbol.PNG
22	ar	Missionar	http://ar.wikipedia.org/wiki/%D9%85%D8%A8%D8%B4%D8%B1%D9%88%D9%86	http://upload.wikimedia.org/wikipedia/commons/f/fa/Wikiquote-logo.svg
23	bg	Missionar	http://bg.wikipedia.org/wiki/%D0%9C%D0%B8%D1%81%D0%B8%D0%BE%D0%BD%D0%B5%D1%80	http://upload.wikimedia.org/wikipedia/commons/2/28/P_religion_world.svg
24	ca	Missionar	http://ca.wikipedia.org/wiki/Missioner	http://upload.wikimedia.org/wikipedia/commons/6/63/Arbcom_ru_editing.svg
25	ca	Missionar	http://ca.wikipedia.org/wiki/Missioner	http://upload.wikimedia.org/wikipedia/commons/4/4a/Commons-logo.svg
26	cdo	Missionar	http://cdo.wikipedia.org/wiki/Di%C3%B2ng-g%C3%A1u-s%C3%AA%CC%A4%E1%B9%B3	-
27	cs	Missionar	http://cs.wikipedia.org/wiki/Mision%C3%A1%C5%99	http://upload.wikimedia.org/wikipedia/commons/9/99/Nuvola_apps_important_orange.svg
28	cy	Missionar	http://cy.wikipedia.org/wiki/Cenhadwr	-
29	da	Missionar	http://da.wikipedia.org/wiki/Mission%C3%A6r	http://upload.wikimedia.org/wikipedia/commons/6/62/Mission_Meeting_at_Fyrbakken_in_Skagen.jpg
30	en	Missionar	http://en.wikipedia.org/wiki/Missionary	http://upload.wikimedia.org/wikipedia/en/4/4a/Commons-logo.svg
31	en	Missionar	http://en.wikipedia.org/wiki/Missionary	http://upload.wikimedia.org/wikipedia/commons/b/b8/Central_Asian_Buddhist_Monks.jpeg
32	en	Missionar	http://en.wikipedia.org/wiki/Missionary	http://upload.wikimedia.org/wikipedia/en/4/44/Mayerhoff.jpg
33	en	Missionar	http://en.wikipedia.org/wiki/Missionary	http://upload.wikimedia.org/wikipedia/commons/7/76/LDS_name_tags.jpg
34	en	Missionar	http://en.wikipedia.org/wiki/Missionary	http://upload.wikimedia.org/wikipedia/commons/6/68/Jamia_Ahmadiyya_International.jpg
35	en	Missionar	http://en.wikipedia.org/wiki/Missionary	http://upload.wikimedia.org/wikipedia/commons/3/3d/Martires_de_elicura.jpg
36	en	Missionar	http://en.wikipedia.org/wiki/Missionary	http://upload.wikimedia.org/wikipedia/commons/2/2b/Lingshan_Islamic_Cemetery_-_two_worthies_-_DSCF8405.JPG
37	en	Missionar	http://en.wikipedia.org/wiki/Missionary	http://upload.wikimedia.org/wikipedia/commons/7/73/Asoka_Kaart.png
38	en	Missionar	http://en.wikipedia.org/wiki/Missionary	http://upload.wikimedia.org/wikipedia/commons/f/f2/Canyon_of_the_Little_Christians.jpg
39	en	Missionar	http://en.wikipedia.org/wiki/Missionary	http://upload.wikimedia.org/wikipedia/commons/7/73/Asoka_Kaart.png
40	es	Missionar	http://es.wikipedia.org/wiki/Misionero	http://upload.wikimedia.org/wikipedia/commons/d/d5/David_Livingstone.jpg
41	es	Missionar	http://es.wikipedia.org/wiki/Misionero	http://upload.wikimedia.org/wikipedia/commons/e/ea/BpThomasCoke.png
42	es	Missionar	http://es.wikipedia.org/wiki/Misionero	http://upload.wikimedia.org/wikipedia/commons/1/16/Augustinus_von_Canterbury.jpg
43	es	Missionar	http://es.wikipedia.org/wiki/Misionero	http://upload.wikimedia.org/wikipedia/commons/3/31/Callisto_Caravario_%281903-1930%29.jpg
44	es	Missionar	http://es.wikipedia.org/wiki/Misionero	http://upload.wikimedia.org/wikipedia/commons/0/0c/Br%C3%A9buef-jesuits04jesuuoft.jpg
45	es	Missionar	http://es.wikipedia.org/wiki/Misionero	http://upload.wikimedia.org/wikipedia/commons/a/a4/70Apostles.jpg
46	es	Missionar	http://es.wikipedia.org/wiki/Misionero	http://upload.wikimedia.org/wikipedia/commons/1/10/Aghagower_St_Patrick_Statue_2007_08_12.jpg
47	es	Missionar	http://es.wikipedia.org/wiki/Misionero	http://upload.wikimedia.org/wikipedia/commons/e/e6/ANGroves1.jpg
48	es	Missionar	http://es.wikipedia.org/wiki/Misionero	http://upload.wikimedia.org/wikipedia/commons/7/7f/Cyril_and_Methodius.jpg
49	es	Missionar	http://es.wikipedia.org/wiki/Misionero	http://upload.wikimedia.org/wikipedia/commons/a/ae/Cardinal_Lavigerie.jpg
50	et	Missionar	http://et.wikipedia.org/wiki/Misjon%C3%A4r	http://upload.wikimedia.org/wikipedia/commons/7/7a/Misjon%C3%A4r_Alexander_Eisenschmidti_m%C3%A4lestusm%C3%A4rk.JPG
51	fa	Missionar	http://fa.wikipedia.org/wiki/%D9%85%DB%8C%D8%B3%DB%8C%D9%88%D9%86%D8%B1	http://upload.wikimedia.org/wikipedia/commons/2/2b/Lingshan_Islamic_Cemetery_-_two_worthies_-_DSCF8405.JPG
52	fr	Missionar	http://fr.wikipedia.org/wiki/Missionnaire_chr%C3%A9tien	http://upload.wikimedia.org/wikipedia/commons/f/fe/Unbalanced_scales.svg
53	fr	Missionar	http://fr.wikipedia.org/wiki/Missionnaire_chr%C3%A9tien	http://upload.wikimedia.org/wikipedia/commons/c/ca/To_validate.svg
54	fr	Missionar	http://fr.wikipedia.org/wiki/Missionnaire_chr%C3%A9tien	http://upload.wikimedia.org/wikipedia/commons/3/3e/Disambig_colour.svg
55	fr	Missionar	http://fr.wikipedia.org/wiki/Missionnaire_chr%C3%A9tien	http://upload.wikimedia.org/wikipedia/commons/6/6f/Mosaico_representando_a_San_Francisco_Javier_en_Ceuta.jpg
56	fr	Missionar	http://fr.wikipedia.org/wiki/Missionnaire_chr%C3%A9tien	http://upload.wikimedia.org/wikipedia/commons/c/ca/Latin_Cross.svg
57	fy	Missionar	http://fy.wikipedia.org/wiki/Misjonaris	-
58	hr	Missionar	http://hr.wikipedia.org/wiki/Misionarstvo	-
59	hu	Missionar	http://hu.wikipedia.org/wiki/Hitt%C3%A9r%C3%ADt%C5%91	http://upload.wikimedia.org/wikipedia/commons/9/99/Question_book-new.svg
60	id	Missionar	http://id.wikipedia.org/wiki/Misionaris	http://upload.wikimedia.org/wikipedia/commons/4/4a/Commons-logo.svg
61	id	Missionar	http://id.wikipedia.org/wiki/Misionaris	http://upload.wikimedia.org/wikipedia/commons/6/62/COLLECTIE_TROPENMUSEUM_Zendelingenhuis_in_Boeli_TMnr_60018592.jpg
62	id	Missionar	http://id.wikipedia.org/wiki/Misionaris	http://upload.wikimedia.org/wikipedia/commons/f/fa/Wikiquote-logo.svg
63	id	Missionar	http://id.wikipedia.org/wiki/Misionaris	http://upload.wikimedia.org/wikipedia/commons/2/28/P_religion_world.svg
64	it	Missionar	http://it.wikipedia.org/wiki/Missionario	http://upload.wikimedia.org/wikipedia/it/4/43/Missionari-uccisi-1994-2011.jpg
65	it	Missionar	http://it.wikipedia.org/wiki/Missionario	http://upload.wikimedia.org/wikipedia/commons/6/64/Question_book-4.svg
66	it	Missionar	http://it.wikipedia.org/wiki/Missionario	http://upload.wikimedia.org/wikipedia/commons/b/bc/Nota_disambigua.svg
67	it	Missionar	http://it.wikipedia.org/wiki/Missionario	http://upload.wikimedia.org/wikipedia/commons/f/f9/Wiktionary_small.svg
68	it	Missionar	http://it.wikipedia.org/wiki/Missionario	http://upload.wikimedia.org/wikipedia/commons/f/fa/Wikiquote-logo.svg
69	it	Missionar	http://it.wikipedia.org/wiki/Missionario	http://upload.wikimedia.org/wikipedia/commons/5/5c/ChristianitySymbol.PNG
70	it	Missionar	http://it.wikipedia.org/wiki/Missionario	http://upload.wikimedia.org/wikipedia/commons/f/f1/Exquisite-kfind.png
71	it	Missionar	http://it.wikipedia.org/wiki/Missionario	http://upload.wikimedia.org/wikipedia/commons/4/4a/Commons-logo.svg
72	it	Missionar	http://it.wikipedia.org/wiki/Missionario	http://upload.wikimedia.org/wikipedia/it/6/63/Nuvola_mimetypes_charnotfound.PNG
73	ja	Missionar	http://ja.wikipedia.org/wiki/%E5%AE%A3%E6%95%99%E5%B8%AB	http://upload.wikimedia.org/wikipedia/commons/6/64/Question_book-4.svg
74	ka	Missionar	http://ka.wikipedia.org/wiki/%E1%83%9B%E1%83%98%E1%83%A1%E1%83%98%E1%83%9D%E1%83%9C%E1%83%94%E1%83%A0%E1%83%9D%E1%83%91%E1%83%90	http://upload.wikimedia.org/wikipedia/commons/e/ef/Preaching_from_a_Waggon_%28David_Livingstone%29_by_The_London_Missionary_Society.jpg
75	kk	Missionar	http://kk.wikipedia.org/wiki/%D0%9C%D0%B8%D1%81%D1%81%D0%B8%D0%BE%D0%BD%D0%B5%D1%80%D0%BBi%D0%BA	http://upload.wikimedia.org/wikipedia/commons/d/dc/Crystal_Clear_app_kview.png
76	ko	Missionar	http://ko.wikipedia.org/wiki/%EC%84%A0%EA%B5%90%EC%82%AC	http://upload.wikimedia.org/wikipedia/commons/d/df/ReligionSymbol.svg
77	la	Missionar	http://la.wikipedia.org/wiki/Missionarius	http://upload.wikimedia.org/wikipedia/commons/e/ef/Preaching_from_a_Waggon_%28David_Livingstone%29_by_The_London_Missionary_Society.jpg
78	lb	Missionar	http://lb.wikipedia.org/wiki/Mission%C3%A4r	http://upload.wikimedia.org/wikipedia/commons/5/5c/ChristianitySymbol.PNG
79	lb	Missionar	http://lb.wikipedia.org/wiki/Mission%C3%A4r	http://upload.wikimedia.org/wikipedia/commons/2/29/TrauschJean.jpg
80	lb	Missionar	http://lb.wikipedia.org/wiki/Mission%C3%A4r	http://upload.wikimedia.org/wikipedia/commons/4/4a/Commons-logo.svg
81	nl	Missionar	http://nl.wikipedia.org/wiki/Missionaris	http://upload.wikimedia.org/wikipedia/commons/4/4a/Commons-logo.svg
82	nl	Missionar	http://nl.wikipedia.org/wiki/Missionaris	http://upload.wikimedia.org/wikipedia/commons/f/f2/Fatherdamienwithlepers.jpg
83	no	Missionar	http://no.wikipedia.org/wiki/Misjon%C3%A6r	http://upload.wikimedia.org/wikipedia/commons/2/20/Davidlivingstone.jpg
84	pl	Missionar	http://pl.wikipedia.org/wiki/Misjonarz	http://upload.wikimedia.org/wikipedia/commons/6/64/Question_book-4.svg
85	pt	Missionar	http://pt.wikipedia.org/wiki/Miss%C3%A3o	http://upload.wikimedia.org/wikipedia/commons/2/28/P_religion_world.svg
86	pt	Missionar	http://pt.wikipedia.org/wiki/Miss%C3%A3o	http://upload.wikimedia.org/wikipedia/commons/8/8e/Religious_symbols.svg
87	pt	Missionar	http://pt.wikipedia.org/wiki/Miss%C3%A3o	http://upload.wikimedia.org/wikipedia/commons/9/97/Question_book.svg
88	ru	Missionar	http://ru.wikipedia.org/wiki/%D0%9C%D0%B8%D1%81%D1%81%D0%B8%D0%BE%D0%BD%D0%B5%D1%80%D1%81%D1%82%D0%B2%D0%BE	http://upload.wikimedia.org/wikipedia/commons/5/5e/Broomhall-The-baptism-of-a-Chinese-Moslem.png
89	sh	Missionar	http://sh.wikipedia.org/wiki/Misionarstvo	http://upload.wikimedia.org/wikipedia/commons/4/4a/Commons-logo.svg
90	simple	Missionar	http://simple.wikipedia.org/wiki/Missionary	http://upload.wikimedia.org/wikipedia/commons/e/e2/Charles_Wesley.jpg
91	simple	Missionar	http://simple.wikipedia.org/wiki/Missionary	http://upload.wikimedia.org/wikipedia/commons/6/6c/Religious_syms.svg
92	sk	Missionar	http://sk.wikipedia.org/wiki/Mision%C3%A1r	-
93	sl	Missionar	http://sl.wikipedia.org/wiki/Misijonar	http://upload.wikimedia.org/wikipedia/commons/d/d7/ReligiousSymbols.svg
94	sl	Missionar	http://sl.wikipedia.org/wiki/Misijonar	http://upload.wikimedia.org/wikipedia/commons/a/a7/Wiktionary-logo-sl.svg
95	sw	Missionar	http://sw.wikipedia.org/wiki/Mmisionari	http://upload.wikimedia.org/wikipedia/commons/4/4a/Commons-logo.svg
96	sw	Missionar	http://sw.wikipedia.org/wiki/Mmisionari	http://upload.wikimedia.org/wikipedia/commons/f/fa/Wikiquote-logo.svg
97	th	Missionar	http://th.wikipedia.org/wiki/%E0%B8%A1%E0%B8%B4%E0%B8%8A%E0%B8%8A%E0%B8%B1%E0%B8%99%E0%B8%99%E0%B8%B2%E0%B8%A3%E0%B8%B5	http://upload.wikimedia.org/wikipedia/commons/4/44/Le_Depart_1868_Charles_Louis_de_Fredy_de_Coubertin.jpg
98	th	Missionar	http://th.wikipedia.org/wiki/%E0%B8%A1%E0%B8%B4%E0%B8%8A%E0%B8%8A%E0%B8%B1%E0%B8%99%E0%B8%99%E0%B8%B2%E0%B8%A3%E0%B8%B5	http://upload.wikimedia.org/wikipedia/commons/2/28/P_religion_world.svg
99	tl	Missionar	http://tl.wikipedia.org/wiki/Misyonaryo	http://upload.wikimedia.org/wikipedia/commons/c/ca/Crystal_Clear_app_Login_Manager.png
100	tl	Missionar	http://tl.wikipedia.org/wiki/Misyonaryo	http://upload.wikimedia.org/wikipedia/commons/5/5a/Icon-religion.png
101	tr	Missionar	http://tr.wikipedia.org/wiki/Misyonerlik	http://upload.wikimedia.org/wikipedia/commons/6/64/Question_book-4.svg
102	tr	Missionar	http://tr.wikipedia.org/wiki/Misyonerlik	http://upload.wikimedia.org/wikipedia/commons/e/e1/Ambox_wikify.svg
103	tr	Missionar	http://tr.wikipedia.org/wiki/Misyonerlik	http://upload.wikimedia.org/wikipedia/commons/2/28/P_religion_world.svg
104	tr	Missionar	http://tr.wikipedia.org/wiki/Misyonerlik	http://upload.wikimedia.org/wikipedia/commons/f/fb/Book_important.svg
105	uk	Missionar	http://uk.wikipedia.org/wiki/%D0%9C%D1%96%D1%81%D1%96%D0%BE%D0%BD%D0%B5%D1%80	http://upload.wikimedia.org/wikipedia/commons/e/e9/Crystal_Clear_app_korganizer.png
106	vi	Missionar	http://vi.wikipedia.org/wiki/Nh%C3%A0_truy%E1%BB%81n_gi%C3%A1o	http://upload.wikimedia.org/wikipedia/commons/2/28/P_religion_world.svg
107	zh	Missionar	http://zh.wikipedia.org/wiki/%E4%BC%A0%E6%95%99%E5%A3%AB	http://upload.wikimedia.org/wikipedia/commons/e/e1/Ambox_wikify.svg
108	zh	Missionar	http://zh.wikipedia.org/wiki/%E4%BC%A0%E6%95%99%E5%A3%AB	http://upload.wikimedia.org/wikipedia/commons/e/ec/Wiktionary-logo.svg
109	zh	Missionar	http://zh.wikipedia.org/wiki/%E4%BC%A0%E6%95%99%E5%A3%AB	http://upload.wikimedia.org/wikipedia/commons/8/89/Ricciyifu.JPG
110	zh-min-nan	Missionar	http://zh-min-nan.wikipedia.org/wiki/Tho%C3%A2n-k%C3%A0u-s%C5%AB	-
111	zh-yue	Missionar	http://zh-yue.wikipedia.org/wiki/%E5%82%B3%E6%95%99%E5%A3%AB	http://upload.wikimedia.org/wikipedia/commons/7/71/Rugendas_-_Aldea_des_Tapuyos.jpg
112	de	Historiker	http://de.wikipedia.org/wiki/Historiker	-
113	an	Historiker	http://an.wikipedia.org/wiki/Historiador	http://upload.wikimedia.org/wikipedia/commons/d/da/AGMA_H%C3%A9rodote.jpg
114	an	Historiker	http://an.wikipedia.org/wiki/Historiador	http://upload.wikimedia.org/wikipedia/commons/4/4a/Commons-logo.svg
115	ang	Historiker	http://ang.wikipedia.org/wiki/St%C7%A3rwr%C4%ABtere	http://upload.wikimedia.org/wikipedia/commons/4/4a/Commons-logo.svg
116	ar	Historiker	http://ar.wikipedia.org/wiki/%D9%85%D8%A4%D8%B1%D8%AE	http://upload.wikimedia.org/wikipedia/commons/4/4a/Commons-logo.svg
117	ar	Historiker	http://ar.wikipedia.org/wiki/%D9%85%D8%A4%D8%B1%D8%AE	http://upload.wikimedia.org/wikipedia/commons/4/48/P_history.svg
118	ast	Historiker	http://ast.wikipedia.org/wiki/Historiador	http://upload.wikimedia.org/wikipedia/commons/4/4a/Commons-logo.svg
119	az	Historiker	http://az.wikipedia.org/wiki/Tarix%C3%A7i	http://upload.wikimedia.org/wikipedia/commons/4/4a/Commons-logo.svg
120	ca	Historiker	http://ca.wikipedia.org/wiki/Historiador	http://upload.wikimedia.org/wikipedia/commons/6/63/Arbcom_ru_editing.svg
121	ca	Historiker	http://ca.wikipedia.org/wiki/Historiador	http://upload.wikimedia.org/wikipedia/commons/4/4a/Commons-logo.svg
122	ckb	Historiker	http://ckb.wikipedia.org/wiki/%D9%85%DB%8E%DA%98%D9%88%D9%88%D9%86%D8%A7%D8%B3	http://upload.wikimedia.org/wikipedia/commons/d/da/AGMA_H%C3%A9rodote.jpg
123	ckb	Historiker	http://ckb.wikipedia.org/wiki/%D9%85%DB%8E%DA%98%D9%88%D9%88%D9%86%D8%A7%D8%B3	http://upload.wikimedia.org/wikipedia/commons/4/4a/Commons-logo.svg
124	cs	Historiker	http://cs.wikipedia.org/wiki/Historik	http://upload.wikimedia.org/wikipedia/commons/4/4a/Commons-logo.svg
125	cv	Historiker	http://cv.wikipedia.org/wiki/%D0%98%D1%81%D1%82%D0%BE%D1%80%D0%B8%D0%BA	http://upload.wikimedia.org/wikipedia/commons/4/4a/Commons-logo.svg
126	cy	Historiker	http://cy.wikipedia.org/wiki/Hanesydd	http://upload.wikimedia.org/wikipedia/commons/2/2a/Wiktionary-logo-cy.png
127	cy	Historiker	http://cy.wikipedia.org/wiki/Hanesydd	http://upload.wikimedia.org/wikipedia/commons/d/da/AGMA_H%C3%A9rodote.jpg
128	cy	Historiker	http://cy.wikipedia.org/wiki/Hanesydd	http://upload.wikimedia.org/wikipedia/commons/b/b6/Hourglass.svg
129	cy	Historiker	http://cy.wikipedia.org/wiki/Hanesydd	http://upload.wikimedia.org/wikipedia/commons/4/4a/Commons-logo.svg
130	da	Historiker	http://da.wikipedia.org/wiki/Historiker	http://upload.wikimedia.org/wikipedia/commons/4/4a/Commons-logo.svg
131	da	Historiker	http://da.wikipedia.org/wiki/Historiker	http://upload.wikimedia.org/wikipedia/commons/e/e0/Kristianerslev.jpg
132	en	Historiker	http://en.wikipedia.org/wiki/Historian	http://upload.wikimedia.org/wikipedia/en/4/4a/Commons-logo.svg
133	en	Historiker	http://en.wikipedia.org/wiki/Historian	http://upload.wikimedia.org/wikipedia/commons/0/05/Edward_Gibbon_by_Henry_Walton_cleaned.jpg
134	en	Historiker	http://en.wikipedia.org/wiki/Historian	http://upload.wikimedia.org/wikipedia/commons/2/2a/Leopold_Von_Ranke_1877.jpg
135	en	Historiker	http://en.wikipedia.org/wiki/Historian	http://upload.wikimedia.org/wikipedia/commons/0/01/Leonardo_Bruni_-_Imagines_philologorum.jpg
136	en	Historiker	http://en.wikipedia.org/wiki/Historian	http://upload.wikimedia.org/wikipedia/commons/2/26/Simon_Schama_at_The_Strand_by_David_Shankbone.jpg
137	en	Historiker	http://en.wikipedia.org/wiki/Historian	http://upload.wikimedia.org/wikipedia/commons/2/21/Marc_Bloch.jpg
138	en	Historiker	http://en.wikipedia.org/wiki/Historian	http://upload.wikimedia.org/wikipedia/commons/d/da/AGMA_H%C3%A9rodote.jpg
139	en	Historiker	http://en.wikipedia.org/wiki/Historian	http://upload.wikimedia.org/wikipedia/commons/8/8e/Jules_Michelet_portrait_older.jpg
140	en	Historiker	http://en.wikipedia.org/wiki/Historian	http://upload.wikimedia.org/wikipedia/commons/6/68/Beda_Petersburgiensis_f3v.jpg
141	en	Historiker	http://en.wikipedia.org/wiki/Historian	http://upload.wikimedia.org/wikipedia/commons/4/48/Thucydides_Manuscript.jpg
142	eo	Historiker	http://eo.wikipedia.org/wiki/Historiisto	http://upload.wikimedia.org/wikipedia/commons/2/2a/Leopold_Von_Ranke_1877.jpg
143	es	Historiker	http://es.wikipedia.org/wiki/Historiador	-
144	et	Historiker	http://et.wikipedia.org/wiki/Ajaloolane	http://upload.wikimedia.org/wikipedia/commons/4/4a/Commons-logo.svg
145	fa	Historiker	http://fa.wikipedia.org/wiki/%D8%AA%D8%A7%D8%B1%DB%8C%D8%AE%E2%80%8C%D9%86%DA%AF%D8%A7%D8%B1	http://upload.wikimedia.org/wikipedia/commons/d/da/AGMA_H%C3%A9rodote.jpg
146	fa	Historiker	http://fa.wikipedia.org/wiki/%D8%AA%D8%A7%D8%B1%DB%8C%D8%AE%E2%80%8C%D9%86%DA%AF%D8%A7%D8%B1	http://upload.wikimedia.org/wikipedia/commons/4/4a/Commons-logo.svg
147	fr	Historiker	http://fr.wikipedia.org/wiki/Historien	http://upload.wikimedia.org/wikipedia/commons/3/38/Info_Simple.svg
148	fr	Historiker	http://fr.wikipedia.org/wiki/Historien	http://upload.wikimedia.org/wikipedia/commons/e/ed/Recycle002.svg
149	fr	Historiker	http://fr.wikipedia.org/wiki/Historien	http://upload.wikimedia.org/wikipedia/commons/d/da/AGMA_H%C3%A9rodote.jpg
150	fr	Historiker	http://fr.wikipedia.org/wiki/Historien	http://upload.wikimedia.org/wikipedia/commons/e/ed/Bede-crop.png
151	fr	Historiker	http://fr.wikipedia.org/wiki/Historien	http://upload.wikimedia.org/wikipedia/commons/b/bd/Ambox_globe_content.svg
152	fy	Historiker	http://fy.wikipedia.org/wiki/Skiedkundige	http://upload.wikimedia.org/wikipedia/commons/4/4a/Commons-logo.svg
153	he	Historiker	http://he.wikipedia.org/wiki/%D7%94%D7%99%D7%A1%D7%98%D7%95%D7%A8%D7%99%D7%95%D7%9F	http://upload.wikimedia.org/wikipedia/commons/b/b3/Jebens%2C_Adolf_-_Leopold_von_Ranke_%28detail%29_-_1875.jpg
154	he	Historiker	http://he.wikipedia.org/wiki/%D7%94%D7%99%D7%A1%D7%98%D7%95%D7%A8%D7%99%D7%95%D7%9F	http://upload.wikimedia.org/wikipedia/commons/2/24/Wiktionary-logo-he.png
155	he	Historiker	http://he.wikipedia.org/wiki/%D7%94%D7%99%D7%A1%D7%98%D7%95%D7%A8%D7%99%D7%95%D7%9F	http://upload.wikimedia.org/wikipedia/commons/f/fa/Wikiquote-logo.svg
156	he	Historiker	http://he.wikipedia.org/wiki/%D7%94%D7%99%D7%A1%D7%98%D7%95%D7%A8%D7%99%D7%95%D7%9F	http://upload.wikimedia.org/wikipedia/commons/d/da/AGMA_H%C3%A9rodote.jpg
157	he	Historiker	http://he.wikipedia.org/wiki/%D7%94%D7%99%D7%A1%D7%98%D7%95%D7%A8%D7%99%D7%95%D7%9F	http://upload.wikimedia.org/wikipedia/commons/4/4a/Commons-logo.svg
158	he	Historiker	http://he.wikipedia.org/wiki/%D7%94%D7%99%D7%A1%D7%98%D7%95%D7%A8%D7%99%D7%95%D7%9F	http://upload.wikimedia.org/wikipedia/commons/3/3b/Ben-Zion_Dinur.jpg
159	hi	Historiker	http://hi.wikipedia.org/wiki/%E0%A4%87%E0%A4%A4%E0%A4%BF%E0%A4%B9%E0%A4%BE%E0%A4%B8%E0%A4%95%E0%A4%BE%E0%A4%B0	http://upload.wikimedia.org/wikipedia/commons/4/4a/Commons-logo.svg
160	hr	Historiker	http://hr.wikipedia.org/wiki/Povjesni%C4%8Dar	http://upload.wikimedia.org/wikipedia/commons/4/4a/Commons-logo.svg
161	hy	Historiker	http://hy.wikipedia.org/wiki/%D5%8A%D5%A1%D5%BF%D5%B4%D5%AB%D5%B9	http://upload.wikimedia.org/wikipedia/commons/d/da/AGMA_H%C3%A9rodote.jpg
162	ja	Historiker	http://ja.wikipedia.org/wiki/%E6%AD%B4%E5%8F%B2%E5%AE%B6	http://upload.wikimedia.org/wikipedia/commons/4/4a/Commons-logo.svg
163	ja	Historiker	http://ja.wikipedia.org/wiki/%E6%AD%B4%E5%8F%B2%E5%AE%B6	http://upload.wikimedia.org/wikipedia/commons/9/99/Nuvola_apps_important_orange.svg
164	ka	Historiker	http://ka.wikipedia.org/wiki/%E1%83%98%E1%83%A1%E1%83%A2%E1%83%9D%E1%83%A0%E1%83%98%E1%83%99%E1%83%9D%E1%83%A1%E1%83%98	http://upload.wikimedia.org/wikipedia/commons/d/da/AGMA_H%C3%A9rodote.jpg
165	ka	Historiker	http://ka.wikipedia.org/wiki/%E1%83%98%E1%83%A1%E1%83%A2%E1%83%9D%E1%83%A0%E1%83%98%E1%83%99%E1%83%9D%E1%83%A1%E1%83%98	http://upload.wikimedia.org/wikipedia/commons/f/f7/P_wiki_letter_w.svg
166	ka	Historiker	http://ka.wikipedia.org/wiki/%E1%83%98%E1%83%A1%E1%83%A2%E1%83%9D%E1%83%A0%E1%83%98%E1%83%99%E1%83%9D%E1%83%A1%E1%83%98	http://upload.wikimedia.org/wikipedia/commons/4/4a/Commons-logo.svg
167	ku	Historiker	http://ku.wikipedia.org/wiki/D%C3%AErokzan	-
168	la	Historiker	http://la.wikipedia.org/wiki/Rerum_gestarum_scriptor	http://upload.wikimedia.org/wikipedia/commons/a/aa/Alexis_de_tocqueville.jpg
169	la	Historiker	http://la.wikipedia.org/wiki/Rerum_gestarum_scriptor	http://upload.wikimedia.org/wikipedia/commons/9/95/Schlaegel_und_eisen_yellow.svg
170	la	Historiker	http://la.wikipedia.org/wiki/Rerum_gestarum_scriptor	http://upload.wikimedia.org/wikipedia/commons/4/4a/Commons-logo.svg
171	mk	Historiker	http://mk.wikipedia.org/wiki/%D0%98%D1%81%D1%82%D0%BE%D1%80%D0%B8%D1%87%D0%B0%D1%80	http://upload.wikimedia.org/wikipedia/commons/4/4a/Commons-logo.svg
172	mk	Historiker	http://mk.wikipedia.org/wiki/%D0%98%D1%81%D1%82%D0%BE%D1%80%D0%B8%D1%87%D0%B0%D1%80	http://upload.wikimedia.org/wikipedia/commons/3/38/Hoplite_helmet.svg
173	ml	Historiker	http://ml.wikipedia.org/wiki/%E0%B4%9A%E0%B4%B0%E0%B4%BF%E0%B4%A4%E0%B5%8D%E0%B4%B0%E0%B4%95%E0%B4%BE%E0%B4%B0%E0%B5%BB	http://upload.wikimedia.org/wikipedia/commons/b/b6/Hourglass.svg
174	ml	Historiker	http://ml.wikipedia.org/wiki/%E0%B4%9A%E0%B4%B0%E0%B4%BF%E0%B4%A4%E0%B5%8D%E0%B4%B0%E0%B4%95%E0%B4%BE%E0%B4%B0%E0%B5%BB	http://upload.wikimedia.org/wikipedia/commons/d/da/AGMA_H%C3%A9rodote.jpg
175	ml	Historiker	http://ml.wikipedia.org/wiki/%E0%B4%9A%E0%B4%B0%E0%B4%BF%E0%B4%A4%E0%B5%8D%E0%B4%B0%E0%B4%95%E0%B4%BE%E0%B4%B0%E0%B5%BB	http://upload.wikimedia.org/wikipedia/commons/4/4a/Commons-logo.svg
176	ml	Historiker	http://ml.wikipedia.org/wiki/%E0%B4%9A%E0%B4%B0%E0%B4%BF%E0%B4%A4%E0%B5%8D%E0%B4%B0%E0%B4%95%E0%B4%BE%E0%B4%B0%E0%B5%BB	http://upload.wikimedia.org/wikipedia/commons/c/c9/Ambox_rewrite_gold.svg
177	mr	Historiker	http://mr.wikipedia.org/wiki/%E0%A4%87%E0%A4%A4%E0%A4%BF%E0%A4%B9%E0%A4%BE%E0%A4%B8%E0%A4%95%E0%A4%BE%E0%A4%B0	http://upload.wikimedia.org/wikipedia/commons/4/4a/Commons-logo.svg
178	ms	Historiker	http://ms.wikipedia.org/wiki/Ahli_sejarah	http://upload.wikimedia.org/wikipedia/commons/d/da/AGMA_H%C3%A9rodote.jpg
179	my	Historiker	http://my.wikipedia.org/wiki/%E1%80%9E%E1%80%99%E1%80%AD%E1%80%AF%E1%80%84%E1%80%BA%E1%80%B8%E1%80%95%E1%80%8A%E1%80%AC%E1%80%9B%E1%80%BE%E1%80%84%E1%80%BA	-
180	nl	Historiker	http://nl.wikipedia.org/wiki/Historicus	http://upload.wikimedia.org/wikipedia/commons/4/4a/Commons-logo.svg
181	nn	Historiker	http://nn.wikipedia.org/wiki/Historikar	http://upload.wikimedia.org/wikipedia/commons/4/4a/Commons-logo.svg
182	nn	Historiker	http://nn.wikipedia.org/wiki/Historikar	http://upload.wikimedia.org/wikipedia/commons/4/4f/Leopold_von_Ranke_1868.jpg
183	nn	Historiker	http://nn.wikipedia.org/wiki/Historikar	http://upload.wikimedia.org/wikipedia/commons/c/ce/Cynthia-Mc-Leod-in-Miami-20.jpg
184	no	Historiker	http://no.wikipedia.org/wiki/Historiker	http://upload.wikimedia.org/wikipedia/commons/d/da/AGMA_H%C3%A9rodote.jpg
185	no	Historiker	http://no.wikipedia.org/wiki/Historiker	http://upload.wikimedia.org/wikipedia/commons/4/4a/Commons-logo.svg
186	oc	Historiker	http://oc.wikipedia.org/wiki/Istorian	http://upload.wikimedia.org/wikipedia/commons/2/2b/Bruni_-_De_primo_bello_punico%2C_circa_1471_-_2365945.jpg
187	pa	Historiker	http://pa.wikipedia.org/wiki/%E0%A8%87%E0%A8%A4%E0%A8%BF%E0%A8%B9%E0%A8%BE%E0%A8%B8%E0%A8%95%E0%A8%BE%E0%A8%B0	http://upload.wikimedia.org/wikipedia/commons/d/da/AGMA_H%C3%A9rodote.jpg
188	pt	Historiker	http://pt.wikipedia.org/wiki/Historiador	http://upload.wikimedia.org/wikipedia/commons/2/2b/Wiktionary-logo-pt.png
189	pt	Historiker	http://pt.wikipedia.org/wiki/Historiador	http://upload.wikimedia.org/wikipedia/commons/f/fa/Wikiquote-logo.svg
190	pt	Historiker	http://pt.wikipedia.org/wiki/Historiador	http://upload.wikimedia.org/wikipedia/commons/4/4a/Commons-logo.svg
191	pt	Historiker	http://pt.wikipedia.org/wiki/Historiador	http://upload.wikimedia.org/wikipedia/commons/b/be/Herodotos_Met_91.8.jpg
192	ro	Historiker	http://ro.wikipedia.org/wiki/Istoric	http://upload.wikimedia.org/wikipedia/commons/4/4a/Commons-logo.svg
193	ro	Historiker	http://ro.wikipedia.org/wiki/Istoric	http://upload.wikimedia.org/wikipedia/commons/f/ff/Wikidata-logo.svg
194	sco	Historiker	http://sco.wikipedia.org/wiki/Historian	-
195	sh	Historiker	http://sh.wikipedia.org/wiki/Histori%C4%8Dar	http://upload.wikimedia.org/wikipedia/commons/4/4a/Commons-logo.svg
196	sh	Historiker	http://sh.wikipedia.org/wiki/Histori%C4%8Dar	http://upload.wikimedia.org/wikipedia/commons/3/3d/Heraldic_hourglass.svg
197	simple	Historiker	http://simple.wikipedia.org/wiki/Historian	http://upload.wikimedia.org/wikipedia/commons/4/4a/Commons-logo.svg
198	sk	Historiker	http://sk.wikipedia.org/wiki/Historik	http://upload.wikimedia.org/wikipedia/commons/4/4a/Commons-logo.svg
199	sk	Historiker	http://sk.wikipedia.org/wiki/Historik	http://upload.wikimedia.org/wikipedia/commons/2/2a/Spanish_Language_Wiki.svg
200	sl	Historiker	http://sl.wikipedia.org/wiki/Zgodovinar	http://upload.wikimedia.org/wikipedia/commons/4/4a/Commons-logo.svg
201	sl	Historiker	http://sl.wikipedia.org/wiki/Zgodovinar	http://upload.wikimedia.org/wikipedia/commons/a/a7/Wiktionary-logo-sl.svg
202	sl	Historiker	http://sl.wikipedia.org/wiki/Zgodovinar	http://upload.wikimedia.org/wikipedia/commons/b/b6/Hourglass.svg
203	sv	Historiker	http://sv.wikipedia.org/wiki/Historiker	http://upload.wikimedia.org/wikipedia/commons/4/4a/Commons-logo.svg
204	sv	Historiker	http://sv.wikipedia.org/wiki/Historiker	http://upload.wikimedia.org/wikipedia/commons/b/be/GreySandglass.svg
205	tl	Historiker	http://tl.wikipedia.org/wiki/Manunulat_ng_kasaysayan	http://upload.wikimedia.org/wikipedia/commons/4/4a/Commons-logo.svg
206	tr	Historiker	http://tr.wikipedia.org/wiki/Tarih%C3%A7i	http://upload.wikimedia.org/wikipedia/commons/4/4a/Commons-logo.svg
207	tr	Historiker	http://tr.wikipedia.org/wiki/Tarih%C3%A7i	http://upload.wikimedia.org/wikipedia/commons/7/71/Titus_Livius.png
208	tr	Historiker	http://tr.wikipedia.org/wiki/Tarih%C3%A7i	http://upload.wikimedia.org/wikipedia/commons/a/a5/Klepsydra_black.svg
209	ur	Historiker	http://ur.wikipedia.org/wiki/%D9%85%D8%A4%D8%B1%D8%AE	http://upload.wikimedia.org/wikipedia/commons/4/4a/Commons-logo.svg
210	zh	Historiker	http://zh.wikipedia.org/wiki/%E5%8E%86%E5%8F%B2%E5%AD%A6%E5%AE%B6	http://upload.wikimedia.org/wikipedia/commons/4/4a/Commons-logo.svg
211	de	Fremdenführer	http://de.wikipedia.org/wiki/Fremdenführer	http://upload.wikimedia.org/wikipedia/commons/5/50/Turistas_en_la_Plaza_de_San_Pedro.JPG
212	de	Fremdenführer	http://de.wikipedia.org/wiki/Fremdenführer	http://upload.wikimedia.org/wikipedia/commons/1/18/Erloeserkathedrale_Fuehrung.jpg
213	de	Fremdenführer	http://de.wikipedia.org/wiki/Fremdenführer	http://upload.wikimedia.org/wikipedia/commons/1/12/CamelVistors.jpg
214	af	Fremdenführer	http://af.wikipedia.org/wiki/Toerleier	http://upload.wikimedia.org/wikipedia/commons/4/4a/Commons-logo.svg
215	af	Fremdenführer	http://af.wikipedia.org/wiki/Toerleier	http://upload.wikimedia.org/wikipedia/commons/a/ac/Costume2.jpg
216	ar	Fremdenführer	http://ar.wikipedia.org/wiki/%D9%85%D8%B1%D8%B4%D8%AF_%D8%B3%D9%8A%D8%A7%D8%AD%D9%8A	http://upload.wikimedia.org/wikipedia/commons/3/35/United_Nations_Tour_Guide_Male_Rodsan18a.jpg
217	ar	Fremdenführer	http://ar.wikipedia.org/wiki/%D9%85%D8%B1%D8%B4%D8%AF_%D8%B3%D9%8A%D8%A7%D8%AD%D9%8A	http://upload.wikimedia.org/wikipedia/commons/6/6b/Travel_icon.png
218	ar	Fremdenführer	http://ar.wikipedia.org/wiki/%D9%85%D8%B1%D8%B4%D8%AF_%D8%B3%D9%8A%D8%A7%D8%AD%D9%8A	http://upload.wikimedia.org/wikipedia/commons/4/4a/Commons-logo.svg
219	ar	Fremdenführer	http://ar.wikipedia.org/wiki/%D9%85%D8%B1%D8%B4%D8%AF_%D8%B3%D9%8A%D8%A7%D8%AD%D9%8A	http://upload.wikimedia.org/wikipedia/commons/0/09/P_human_body.svg
220	ar	Fremdenführer	http://ar.wikipedia.org/wiki/%D9%85%D8%B1%D8%B4%D8%AF_%D8%B3%D9%8A%D8%A7%D8%AD%D9%8A	http://upload.wikimedia.org/wikipedia/commons/8/8c/Fiore_01.svg
221	da	Fremdenführer	http://da.wikipedia.org/wiki/Guide	-
222	en	Fremdenführer	http://en.wikipedia.org/wiki/Tour_guide	http://upload.wikimedia.org/wikipedia/en/4/4a/Commons-logo.svg
223	en	Fremdenführer	http://en.wikipedia.org/wiki/Tour_guide	http://upload.wikimedia.org/wikipedia/commons/6/61/Tour_guide_at_the_National_Museum_of_the_American_Indian.jpg
224	en	Fremdenführer	http://en.wikipedia.org/wiki/Tour_guide	http://upload.wikimedia.org/wikipedia/commons/0/0f/Tour_guide_addressing_a_group_in_China.JPG
225	en	Fremdenführer	http://en.wikipedia.org/wiki/Tour_guide	http://upload.wikimedia.org/wikipedia/commons/5/50/Turistas_en_la_Plaza_de_San_Pedro.JPG
226	en	Fremdenführer	http://en.wikipedia.org/wiki/Tour_guide	http://upload.wikimedia.org/wikipedia/commons/3/30/%22A_Tour_Guide_to_the_Famous_Places_of_the_Capital%22_from_Akizato_Rito%27s_Miyako_meisho_zue_%281787%29.jpg
227	eo	Fremdenführer	http://eo.wikipedia.org/wiki/%C4%88i%C4%89erono	http://upload.wikimedia.org/wikipedia/commons/1/12/Tourguide2.jpg
228	es	Fremdenführer	http://es.wikipedia.org/wiki/Gu%C3%ADa_de_turismo	http://upload.wikimedia.org/wikipedia/commons/d/dd/Wikivoyage-Logo-v3-icon.svg
229	es	Fremdenführer	http://es.wikipedia.org/wiki/Gu%C3%ADa_de_turismo	http://upload.wikimedia.org/wikipedia/commons/5/50/Turistas_en_la_Plaza_de_San_Pedro.JPG
230	es	Fremdenführer	http://es.wikipedia.org/wiki/Gu%C3%ADa_de_turismo	http://upload.wikimedia.org/wikipedia/commons/1/12/CamelVistors.jpg
231	es	Fremdenführer	http://es.wikipedia.org/wiki/Gu%C3%ADa_de_turismo	http://upload.wikimedia.org/wikipedia/commons/f/fa/Marinhaguia.jpg
232	es	Fremdenführer	http://es.wikipedia.org/wiki/Gu%C3%ADa_de_turismo	http://upload.wikimedia.org/wikipedia/commons/4/4a/Commons-logo.svg
233	et	Fremdenführer	http://et.wikipedia.org/wiki/Giid	http://upload.wikimedia.org/wikipedia/commons/5/5f/Disambig_gray.svg
234	et	Fremdenführer	http://et.wikipedia.org/wiki/Giid	http://upload.wikimedia.org/wikipedia/commons/4/40/Krall-Kuuskemaa.IMG_3774.JPG
235	fa	Fremdenführer	http://fa.wikipedia.org/wiki/%D8%B1%D8%A7%D9%87%D9%86%D9%85%D8%A7%DB%8C_%D8%AA%D9%88%D8%B1	-
236	fi	Fremdenführer	http://fi.wikipedia.org/wiki/Matkaopas	http://upload.wikimedia.org/wikipedia/commons/b/bc/Flag_of_Finland.svg
237	fi	Fremdenführer	http://fi.wikipedia.org/wiki/Matkaopas	http://upload.wikimedia.org/wikipedia/commons/b/b9/Tjaereborg_tour_guide_Tiananmen_1988.jpg
238	fr	Fremdenführer	http://fr.wikipedia.org/wiki/Guide_culturel	http://upload.wikimedia.org/wikipedia/commons/0/0f/Tour_guide_addressing_a_group_in_China.JPG
239	fr	Fremdenführer	http://fr.wikipedia.org/wiki/Guide_culturel	http://upload.wikimedia.org/wikipedia/commons/a/ac/P_geography1.png
240	fr	Fremdenführer	http://fr.wikipedia.org/wiki/Guide_culturel	http://upload.wikimedia.org/wikipedia/commons/6/6f/Confusion_colour.svg
241	fr	Fremdenführer	http://fr.wikipedia.org/wiki/Guide_culturel	http://upload.wikimedia.org/wikipedia/commons/3/38/Info_Simple.svg
242	he	Fremdenführer	http://he.wikipedia.org/wiki/%D7%9E%D7%95%D7%A8%D7%94_%D7%93%D7%A8%D7%9A	http://upload.wikimedia.org/wikipedia/he/3/33/Israeli_tourguide.jpg
243	he	Fremdenführer	http://he.wikipedia.org/wiki/%D7%9E%D7%95%D7%A8%D7%94_%D7%93%D7%A8%D7%9A	http://upload.wikimedia.org/wikipedia/commons/2/24/Wiktionary-logo-he.png
244	he	Fremdenführer	http://he.wikipedia.org/wiki/%D7%9E%D7%95%D7%A8%D7%94_%D7%93%D7%A8%D7%9A	http://upload.wikimedia.org/wikipedia/commons/5/50/PetraGuide.jpg
245	he	Fremdenführer	http://he.wikipedia.org/wiki/%D7%9E%D7%95%D7%A8%D7%94_%D7%93%D7%A8%D7%9A	http://upload.wikimedia.org/wikipedia/commons/0/03/Aerial_view_of_the_Judean_Desert_%28near_Masada%29%2C_Israel_03.jpg
246	he	Fremdenführer	http://he.wikipedia.org/wiki/%D7%9E%D7%95%D7%A8%D7%94_%D7%93%D7%A8%D7%9A	http://upload.wikimedia.org/wikipedia/commons/c/c6/Japanese_tour_guide.jpg
247	he	Fremdenführer	http://he.wikipedia.org/wiki/%D7%9E%D7%95%D7%A8%D7%94_%D7%93%D7%A8%D7%9A	http://upload.wikimedia.org/wikipedia/commons/4/4a/Commons-logo.svg
248	id	Fremdenführer	http://id.wikipedia.org/wiki/Pramuwisata	http://upload.wikimedia.org/wikipedia/commons/2/2c/Broom_icon.svg
249	id	Fremdenführer	http://id.wikipedia.org/wiki/Pramuwisata	http://upload.wikimedia.org/wikipedia/commons/0/0b/Palm_tree_symbol.svg
250	id	Fremdenführer	http://id.wikipedia.org/wiki/Pramuwisata	http://upload.wikimedia.org/wikipedia/commons/d/df/Wikibooks-logo-en-noslogan.svg
251	it	Fremdenführer	http://it.wikipedia.org/wiki/Guida_turistica	http://upload.wikimedia.org/wikipedia/commons/4/4a/Commons-logo.svg
252	it	Fremdenführer	http://it.wikipedia.org/wiki/Guida_turistica	http://upload.wikimedia.org/wikipedia/commons/1/1f/Tools.svg
253	it	Fremdenführer	http://it.wikipedia.org/wiki/Guida_turistica	http://upload.wikimedia.org/wikipedia/commons/b/bc/Nota_disambigua.svg
254	ja	Fremdenführer	http://ja.wikipedia.org/wiki/%E6%B7%BB%E4%B9%97%E5%93%A1	http://upload.wikimedia.org/wikipedia/commons/f/fc/Padlock-silver.svg
255	ja	Fremdenführer	http://ja.wikipedia.org/wiki/%E6%B7%BB%E4%B9%97%E5%93%A1	http://upload.wikimedia.org/wikipedia/commons/6/64/Question_book-4.svg
256	kk	Fremdenführer	http://kk.wikipedia.org/wiki/%D0%93%D0%B8%D0%B4	http://upload.wikimedia.org/wikipedia/commons/e/e1/Ambox_wikify.svg
257	kk	Fremdenführer	http://kk.wikipedia.org/wiki/%D0%93%D0%B8%D0%B4	http://upload.wikimedia.org/wikipedia/commons/d/dc/Crystal_Clear_app_kview.png
258	ko	Fremdenführer	http://ko.wikipedia.org/wiki/%EA%B4%80%EA%B4%91_%EA%B0%80%EC%9D%B4%EB%93%9C	http://upload.wikimedia.org/wikipedia/commons/5/50/PetraGuide.jpg
259	ko	Fremdenführer	http://ko.wikipedia.org/wiki/%EA%B4%80%EA%B4%91_%EA%B0%80%EC%9D%B4%EB%93%9C	http://upload.wikimedia.org/wikipedia/commons/4/4a/Commons-logo.svg
260	ko	Fremdenführer	http://ko.wikipedia.org/wiki/%EA%B4%80%EA%B4%91_%EA%B0%80%EC%9D%B4%EB%93%9C	http://upload.wikimedia.org/wikipedia/commons/4/47/Monobook_icon.svg
261	ko	Fremdenführer	http://ko.wikipedia.org/wiki/%EA%B4%80%EA%B4%91_%EA%B0%80%EC%9D%B4%EB%93%9C	http://upload.wikimedia.org/wikipedia/commons/0/09/Flag_of_South_Korea.svg
262	lt	Fremdenführer	http://lt.wikipedia.org/wiki/Gidas	http://upload.wikimedia.org/wikipedia/commons/3/3f/Anselm_Klotz%28L%29-Josef_Frey%28R%29.jpg
263	pl	Fremdenführer	http://pl.wikipedia.org/wiki/Pilot_wycieczek	http://upload.wikimedia.org/wikipedia/commons/5/50/Turistas_en_la_Plaza_de_San_Pedro.JPG
264	pt	Fremdenführer	http://pt.wikipedia.org/wiki/Guia_de_turismo	http://upload.wikimedia.org/wikipedia/commons/f/fa/Marinhaguia.jpg
265	pt	Fremdenführer	http://pt.wikipedia.org/wiki/Guia_de_turismo	http://upload.wikimedia.org/wikipedia/commons/9/97/Question_book.svg
266	ru	Fremdenführer	http://ru.wikipedia.org/wiki/%D0%AD%D0%BA%D1%81%D0%BA%D1%83%D1%80%D1%81%D0%BE%D0%B2%D0%BE%D0%B4	http://upload.wikimedia.org/wikipedia/commons/b/bc/Wiktionary-logo-ru.png
267	ru	Fremdenführer	http://ru.wikipedia.org/wiki/%D0%AD%D0%BA%D1%81%D0%BA%D1%83%D1%80%D1%81%D0%BE%D0%B2%D0%BE%D0%B4	http://upload.wikimedia.org/wikipedia/commons/1/18/Erloeserkathedrale_Fuehrung.jpg
268	sv	Fremdenführer	http://sv.wikipedia.org/wiki/Guide	http://upload.wikimedia.org/wikipedia/commons/b/b7/Str%C3%B6msbergs_bruk_Juni_2013_08.jpg
269	th	Fremdenführer	http://th.wikipedia.org/wiki/%E0%B8%A1%E0%B8%B1%E0%B8%84%E0%B8%84%E0%B8%B8%E0%B9%80%E0%B8%97%E0%B8%A8%E0%B8%81%E0%B9%8C	http://upload.wikimedia.org/wikipedia/commons/4/4a/Commons-logo.svg
270	tr	Fremdenführer	http://tr.wikipedia.org/wiki/Rehber	http://upload.wikimedia.org/wikipedia/commons/3/3f/Anselm_Klotz%28L%29-Josef_Frey%28R%29.jpg
271	tr	Fremdenführer	http://tr.wikipedia.org/wiki/Rehber	http://upload.wikimedia.org/wikipedia/commons/1/11/TuristRehberi.jpg
272	uk	Fremdenführer	http://uk.wikipedia.org/wiki/%D0%95%D0%BA%D1%81%D0%BA%D1%83%D1%80%D1%81%D0%BE%D0%B2%D0%BE%D0%B4	http://upload.wikimedia.org/wikipedia/commons/7/7b/Emoji_u1f334.svg
273	uk	Fremdenführer	http://uk.wikipedia.org/wiki/%D0%95%D0%BA%D1%81%D0%BA%D1%83%D1%80%D1%81%D0%BE%D0%B2%D0%BE%D0%B4	http://upload.wikimedia.org/wikipedia/commons/5/50/PetraGuide.jpg
274	uk	Fremdenführer	http://uk.wikipedia.org/wiki/%D0%95%D0%BA%D1%81%D0%BA%D1%83%D1%80%D1%81%D0%BE%D0%B2%D0%BE%D0%B4	http://upload.wikimedia.org/wikipedia/commons/f/fa/Marinhaguia.jpg
275	vi	Fremdenführer	http://vi.wikipedia.org/wiki/H%C6%B0%E1%BB%9Bng_d%E1%BA%ABn_vi%C3%AAn_du_l%E1%BB%8Bch	http://upload.wikimedia.org/wikipedia/vi/4/4c/Thuy%E1%BA%BFt_minh_tr%C3%AAn_%C3%B4_t%C3%B4.JPG
276	vi	Fremdenführer	http://vi.wikipedia.org/wiki/H%C6%B0%E1%BB%9Bng_d%E1%BA%ABn_vi%C3%AAn_du_l%E1%BB%8Bch	http://upload.wikimedia.org/wikipedia/commons/f/f8/Tr%C3%ACnh_b%C3%A0y_c%E1%BB%A7a_HDV.JPG
277	vi	Fremdenführer	http://vi.wikipedia.org/wiki/H%C6%B0%E1%BB%9Bng_d%E1%BA%ABn_vi%C3%AAn_du_l%E1%BB%8Bch	http://upload.wikimedia.org/wikipedia/commons/4/4a/Commons-logo.svg
278	vi	Fremdenführer	http://vi.wikipedia.org/wiki/H%C6%B0%E1%BB%9Bng_d%E1%BA%ABn_vi%C3%AAn_du_l%E1%BB%8Bch	http://upload.wikimedia.org/wikipedia/commons/c/c8/H%C6%B0%E1%BB%9Bng_d%E1%BA%ABn_vi%C3%AAn_t%E1%BA%A1i_L%E1%BA%A7u_Ng%C5%A9_Ph%E1%BB%A5ng.JPG
279	zh	Fremdenführer	http://zh.wikipedia.org/wiki/%E5%B0%8E%E9%81%8A	http://upload.wikimedia.org/wikipedia/commons/5/50/PetraGuide.jpg
280	zh	Fremdenführer	http://zh.wikipedia.org/wiki/%E5%B0%8E%E9%81%8A	http://upload.wikimedia.org/wikipedia/commons/4/41/Sani_tour_guide_at_Stone_Forest_4.JPG
281	de	Richter	http://de.wikipedia.org/wiki/Richter	http://upload.wikimedia.org/wikipedia/commons/6/6d/John_Hullock_Drummond.jpg
282	de	Richter	http://de.wikipedia.org/wiki/Richter	http://upload.wikimedia.org/wikipedia/commons/3/30/Bundesverfassungsgericht_Richterroben.jpg
283	ar	Richter	http://ar.wikipedia.org/wiki/%D9%82%D8%A7%D8%B6%D9%8A	http://upload.wikimedia.org/wikipedia/commons/b/be/WiktionaryAr.svg
284	ar	Richter	http://ar.wikipedia.org/wiki/%D9%82%D8%A7%D8%B6%D9%8A	http://upload.wikimedia.org/wikipedia/commons/8/82/P_derecho.svg
285	ar	Richter	http://ar.wikipedia.org/wiki/%D9%82%D8%A7%D8%B6%D9%8A	http://upload.wikimedia.org/wikipedia/commons/4/4a/Commons-logo.svg
286	ar	Richter	http://ar.wikipedia.org/wiki/%D9%82%D8%A7%D8%B6%D9%8A	http://upload.wikimedia.org/wikipedia/commons/5/50/JudgesTools.JPG
287	az	Richter	http://az.wikipedia.org/wiki/Hakim_(h%C3%BCquq)	-
288	be	Richter	http://be.wikipedia.org/wiki/%D0%A1%D1%83%D0%B4%D0%B4%D0%B7%D1%8F	http://upload.wikimedia.org/wikipedia/commons/0/0e/Scale_of_justice_2.svg
289	be	Richter	http://be.wikipedia.org/wiki/%D0%A1%D1%83%D0%B4%D0%B4%D0%B7%D1%8F	http://upload.wikimedia.org/wikipedia/commons/4/4a/Commons-logo.svg
290	be	Richter	http://be.wikipedia.org/wiki/%D0%A1%D1%83%D0%B4%D0%B4%D0%B7%D1%8F	http://upload.wikimedia.org/wikipedia/commons/f/fc/Istanbul_-_Museo_archeol._-_Giudice_romano%2C_ca._425-450_d.C._-_da_Afrodisia_-_Foto_G._Dall%27Orto_28-5-2006_04.jpg
291	be	Richter	http://be.wikipedia.org/wiki/%D0%A1%D1%83%D0%B4%D0%B4%D0%B7%D1%8F	http://upload.wikimedia.org/wikipedia/commons/6/6f/Eo-scale2.png
292	be-x-old	Richter	http://be-x-old.wikipedia.org/wiki/%D0%A1%D1%83%D0%B4%D0%B7%D1%8C%D0%B4%D0%B7%D1%8F	-
293	bg	Richter	http://bg.wikipedia.org/wiki/%D0%A1%D1%8A%D0%B4%D0%B8%D1%8F	http://upload.wikimedia.org/wikipedia/commons/4/4a/Commons-logo.svg
294	bg	Richter	http://bg.wikipedia.org/wiki/%D0%A1%D1%8A%D0%B4%D0%B8%D1%8F	http://upload.wikimedia.org/wikipedia/commons/1/11/ICJ-CJI_hearing_1.jpg
295	bg	Richter	http://bg.wikipedia.org/wiki/%D0%A1%D1%8A%D0%B4%D0%B8%D1%8F	http://upload.wikimedia.org/wikipedia/commons/7/72/Disambig.svg
296	bo	Richter	http://bo.wikipedia.org/wiki/%E0%BD%81%E0%BE%B2%E0%BD%B2%E0%BD%98%E0%BD%A6%E0%BC%8B%E0%BD%91%E0%BD%94%E0%BD%BC%E0%BD%93%E0%BC%8D	http://upload.wikimedia.org/wikipedia/commons/3/34/Miles_Ehrlich%2C_judge.jpg
297	bs	Richter	http://bs.wikipedia.org/wiki/Kadiluk	http://upload.wikimedia.org/wikipedia/commons/4/4a/Commons-logo.svg
298	bs	Richter	http://bs.wikipedia.org/wiki/Kadiluk	http://upload.wikimedia.org/wikipedia/commons/9/99/Question_book-new.svg
299	ca	Richter	http://ca.wikipedia.org/wiki/Jutge	http://upload.wikimedia.org/wikipedia/commons/3/34/Miles_Ehrlich%2C_judge.jpg
300	ca	Richter	http://ca.wikipedia.org/wiki/Jutge	http://upload.wikimedia.org/wikipedia/commons/f/fa/Wikiquote-logo.svg
301	ca	Richter	http://ca.wikipedia.org/wiki/Jutge	http://upload.wikimedia.org/wikipedia/commons/6/63/Arbcom_ru_editing.svg
302	ca	Richter	http://ca.wikipedia.org/wiki/Jutge	http://upload.wikimedia.org/wikipedia/commons/4/4a/Disambig_grey.svg
303	ca	Richter	http://ca.wikipedia.org/wiki/Jutge	http://upload.wikimedia.org/wikipedia/commons/4/4a/Commons-logo.svg
304	ca	Richter	http://ca.wikipedia.org/wiki/Jutge	http://upload.wikimedia.org/wikipedia/commons/f/f8/Wiktionary-logo-en.svg
305	cs	Richter	http://cs.wikipedia.org/wiki/Soudce	http://upload.wikimedia.org/wikipedia/commons/9/97/Wiktionary-logo-cs.svg
306	cs	Richter	http://cs.wikipedia.org/wiki/Soudce	http://upload.wikimedia.org/wikipedia/commons/4/4a/Commons-logo.svg
307	cs	Richter	http://cs.wikipedia.org/wiki/Soudce	http://upload.wikimedia.org/wikipedia/commons/4/4c/Wikisource-logo.svg
308	cs	Richter	http://cs.wikipedia.org/wiki/Soudce	http://upload.wikimedia.org/wikipedia/commons/3/34/Miles_Ehrlich%2C_judge.jpg
309	da	Richter	http://da.wikipedia.org/wiki/Dommer	http://upload.wikimedia.org/wikipedia/commons/3/34/Miles_Ehrlich%2C_judge.jpg
310	da	Richter	http://da.wikipedia.org/wiki/Dommer	http://upload.wikimedia.org/wikipedia/commons/4/4a/Commons-logo.svg
311	da	Richter	http://da.wikipedia.org/wiki/Dommer	http://upload.wikimedia.org/wikipedia/commons/f/fd/Disambig_bordered_fade.svg
312	da	Richter	http://da.wikipedia.org/wiki/Dommer	http://upload.wikimedia.org/wikipedia/commons/6/6b/DanishView.svg
313	el	Richter	http://el.wikipedia.org/wiki/%CE%94%CE%B9%CE%BA%CE%B1%CF%83%CF%84%CE%AE%CF%82	http://upload.wikimedia.org/wikipedia/commons/1/11/ICJ-CJI_hearing_1.jpg
314	el	Richter	http://el.wikipedia.org/wiki/%CE%94%CE%B9%CE%BA%CE%B1%CF%83%CF%84%CE%AE%CF%82	http://upload.wikimedia.org/wikipedia/commons/0/0e/Scale_of_justice_2.svg
315	el	Richter	http://el.wikipedia.org/wiki/%CE%94%CE%B9%CE%BA%CE%B1%CF%83%CF%84%CE%AE%CF%82	http://upload.wikimedia.org/wikipedia/commons/9/99/Question_book-new.svg
316	en	Richter	http://en.wikipedia.org/wiki/Judge	http://upload.wikimedia.org/wikipedia/en/4/4a/Commons-logo.svg
317	en	Richter	http://en.wikipedia.org/wiki/Judge	http://upload.wikimedia.org/wikipedia/en/a/a1/Falconebn.jpg
318	en	Richter	http://en.wikipedia.org/wiki/Judge	http://upload.wikimedia.org/wikipedia/en/9/99/Question_book-new.svg
319	en	Richter	http://en.wikipedia.org/wiki/Judge	http://upload.wikimedia.org/wikipedia/commons/3/34/Miles_Ehrlich%2C_judge.jpg
320	en	Richter	http://en.wikipedia.org/wiki/Judge	http://upload.wikimedia.org/wikipedia/commons/3/36/Lyman_Poore_Duff.jpg
321	en	Richter	http://en.wikipedia.org/wiki/Judge	http://upload.wikimedia.org/wikipedia/commons/f/fa/Wikiquote-logo.svg
322	en	Richter	http://en.wikipedia.org/wiki/Judge	http://upload.wikimedia.org/wikipedia/commons/b/b5/The_Native_Judges.jpg
323	en	Richter	http://en.wikipedia.org/wiki/Judge	http://upload.wikimedia.org/wikipedia/commons/1/11/ICJ-CJI_hearing_1.jpg
324	en	Richter	http://en.wikipedia.org/wiki/Judge	http://upload.wikimedia.org/wikipedia/commons/c/c2/Don_Diego_del_Corral_y_Arellano%2C_por_Diego_Vel%C3%A1zquez.jpg
325	eo	Richter	http://eo.wikipedia.org/wiki/Ju%C4%9Disto	http://upload.wikimedia.org/wikipedia/eo/1/11/Noirepremierpresident_big.gif
326	eo	Richter	http://eo.wikipedia.org/wiki/Ju%C4%9Disto	http://upload.wikimedia.org/wikipedia/commons/3/34/Miles_Ehrlich%2C_judge.jpg
327	eo	Richter	http://eo.wikipedia.org/wiki/Ju%C4%9Disto	http://upload.wikimedia.org/wikipedia/commons/4/44/P_writing.svg
328	es	Richter	http://es.wikipedia.org/wiki/Juez	http://upload.wikimedia.org/wikipedia/commons/0/06/Wiktionary-logo-es.png
329	es	Richter	http://es.wikipedia.org/wiki/Juez	http://upload.wikimedia.org/wikipedia/commons/3/34/Miles_Ehrlich%2C_judge.jpg
330	es	Richter	http://es.wikipedia.org/wiki/Juez	http://upload.wikimedia.org/wikipedia/commons/4/4a/Commons-logo.svg
331	et	Richter	http://et.wikipedia.org/wiki/Kohtunik	http://upload.wikimedia.org/wikipedia/commons/5/5f/Disambig_gray.svg
332	eu	Richter	http://eu.wikipedia.org/wiki/Epaile	http://upload.wikimedia.org/wikipedia/commons/1/11/ICJ-CJI_hearing_1.jpg
333	fa	Richter	http://fa.wikipedia.org/wiki/%D9%82%D8%A7%D8%B6%DB%8C	http://upload.wikimedia.org/wikipedia/commons/9/97/Zibik.jpg
334	fa	Richter	http://fa.wikipedia.org/wiki/%D9%82%D8%A7%D8%B6%DB%8C	http://upload.wikimedia.org/wikipedia/commons/3/34/Miles_Ehrlich%2C_judge.jpg
335	fi	Richter	http://fi.wikipedia.org/wiki/Tuomari	-
336	fr	Richter	http://fr.wikipedia.org/wiki/Juge	http://upload.wikimedia.org/wikipedia/commons/f/f4/P_parthenon.svg
337	fr	Richter	http://fr.wikipedia.org/wiki/Juge	http://upload.wikimedia.org/wikipedia/commons/0/02/Daumiertroisjuges.jpg
338	fr	Richter	http://fr.wikipedia.org/wiki/Juge	http://upload.wikimedia.org/wikipedia/commons/3/3e/Disambig_colour.svg
339	fy	Richter	http://fy.wikipedia.org/wiki/Rjochter	http://upload.wikimedia.org/wikipedia/commons/4/4a/Commons-logo.svg
340	fy	Richter	http://fy.wikipedia.org/wiki/Rjochter	http://upload.wikimedia.org/wikipedia/commons/3/34/Miles_Ehrlich%2C_judge.jpg
341	gd	Richter	http://gd.wikipedia.org/wiki/Breitheamh	http://upload.wikimedia.org/wikipedia/commons/3/36/Lyman_Poore_Duff.jpg
342	gl	Richter	http://gl.wikipedia.org/wiki/Xu%C3%ADz	http://upload.wikimedia.org/wikipedia/commons/4/4a/Commons-logo.svg
343	gl	Richter	http://gl.wikipedia.org/wiki/Xu%C3%ADz	http://upload.wikimedia.org/wikipedia/commons/3/34/Miles_Ehrlich%2C_judge.jpg
344	got	Richter	http://got.wikipedia.org/wiki/%F0%90%8D%83%F0%90%8D%84%F0%90%8C%B0%F0%90%8C%BF%F0%90%8C%B0_(%F0%90%8C%BC%F0%90%8C%B0%F0%90%8C%BD%F0%90%8C%BD%F0%90%8C%B0)	http://upload.wikimedia.org/wikipedia/commons/3/34/Miles_Ehrlich%2C_judge.jpg
345	he	Richter	http://he.wikipedia.org/wiki/%D7%A9%D7%95%D7%A4%D7%98	http://upload.wikimedia.org/wikipedia/commons/2/24/Wiktionary-logo-he.png
346	he	Richter	http://he.wikipedia.org/wiki/%D7%A9%D7%95%D7%A4%D7%98	http://upload.wikimedia.org/wikipedia/commons/4/4a/Commons-logo.svg
347	he	Richter	http://he.wikipedia.org/wiki/%D7%A9%D7%95%D7%A4%D7%98	http://upload.wikimedia.org/wikipedia/commons/d/d7/Israeli_supreme_court_judges.jpg
348	he	Richter	http://he.wikipedia.org/wiki/%D7%A9%D7%95%D7%A4%D7%98	http://upload.wikimedia.org/wikipedia/commons/b/bc/Disambig_RTL.svg
349	hr	Richter	http://hr.wikipedia.org/wiki/Sudac	http://upload.wikimedia.org/wikipedia/commons/4/4a/Commons-logo.svg
350	hr	Richter	http://hr.wikipedia.org/wiki/Sudac	http://upload.wikimedia.org/wikipedia/commons/4/41/Scale_of_justice.png
351	hr	Richter	http://hr.wikipedia.org/wiki/Sudac	http://upload.wikimedia.org/wikipedia/commons/3/34/Miles_Ehrlich%2C_judge.jpg
352	ht	Richter	http://ht.wikipedia.org/wiki/Jij	http://upload.wikimedia.org/wikipedia/commons/b/b4/Wiktionary-logo-en.png
353	hu	Richter	http://hu.wikipedia.org/wiki/B%C3%ADr%C3%B3_(igazs%C3%A1gszolg%C3%A1ltat%C3%A1s)	http://upload.wikimedia.org/wikipedia/commons/4/4a/Commons-logo.svg
354	hu	Richter	http://hu.wikipedia.org/wiki/B%C3%ADr%C3%B3_(igazs%C3%A1gszolg%C3%A1ltat%C3%A1s)	http://upload.wikimedia.org/wikipedia/commons/9/99/Question_book-new.svg
355	hu	Richter	http://hu.wikipedia.org/wiki/B%C3%ADr%C3%B3_(igazs%C3%A1gszolg%C3%A1ltat%C3%A1s)	http://upload.wikimedia.org/wikipedia/commons/3/34/Miles_Ehrlich%2C_judge.jpg
356	id	Richter	http://id.wikipedia.org/wiki/Hakim	http://upload.wikimedia.org/wikipedia/commons/0/0e/Scale_of_justice_2.svg
357	is	Richter	http://is.wikipedia.org/wiki/D%C3%B3mari	http://upload.wikimedia.org/wikipedia/commons/4/4d/Justice_and_law.svg
358	is	Richter	http://is.wikipedia.org/wiki/D%C3%B3mari	http://upload.wikimedia.org/wikipedia/commons/3/34/Miles_Ehrlich%2C_judge.jpg
359	it	Richter	http://it.wikipedia.org/wiki/Giudice	http://upload.wikimedia.org/wikipedia/commons/f/f9/Wiktionary_small.svg
360	it	Richter	http://it.wikipedia.org/wiki/Giudice	http://upload.wikimedia.org/wikipedia/commons/b/bc/Nota_disambigua.svg
361	it	Richter	http://it.wikipedia.org/wiki/Giudice	http://upload.wikimedia.org/wikipedia/commons/3/34/Miles_Ehrlich%2C_judge.jpg
362	it	Richter	http://it.wikipedia.org/wiki/Giudice	http://upload.wikimedia.org/wikipedia/commons/a/a0/Roma_2011_08_07_Palazzo_di_Giustizia.jpg
363	it	Richter	http://it.wikipedia.org/wiki/Giudice	http://upload.wikimedia.org/wikipedia/commons/e/ed/Open_book_01.png
364	it	Richter	http://it.wikipedia.org/wiki/Giudice	http://upload.wikimedia.org/wikipedia/commons/4/4a/Commons-logo.svg
365	it	Richter	http://it.wikipedia.org/wiki/Giudice	http://upload.wikimedia.org/wikipedia/commons/f/f1/Exquisite-kfind.png
366	it	Richter	http://it.wikipedia.org/wiki/Giudice	http://upload.wikimedia.org/wikipedia/commons/b/b2/CourtGavel.JPG
367	it	Richter	http://it.wikipedia.org/wiki/Giudice	http://upload.wikimedia.org/wikipedia/commons/f/fa/Wikiquote-logo.svg
368	it	Richter	http://it.wikipedia.org/wiki/Giudice	http://upload.wikimedia.org/wikipedia/commons/1/1f/Tools.svg
369	ja	Richter	http://ja.wikipedia.org/wiki/%E8%A3%81%E5%88%A4%E5%AE%98	http://upload.wikimedia.org/wikipedia/commons/4/4d/Justice_and_law.svg
370	ja	Richter	http://ja.wikipedia.org/wiki/%E8%A3%81%E5%88%A4%E5%AE%98	http://upload.wikimedia.org/wikipedia/commons/c/c1/Go-shichi_no_kiri_crest.svg
371	ja	Richter	http://ja.wikipedia.org/wiki/%E8%A3%81%E5%88%A4%E5%AE%98	http://upload.wikimedia.org/wikipedia/commons/0/0e/Scale_of_justice_2.svg
372	ja	Richter	http://ja.wikipedia.org/wiki/%E8%A3%81%E5%88%A4%E5%AE%98	http://upload.wikimedia.org/wikipedia/commons/4/4a/Commons-logo.svg
373	ja	Richter	http://ja.wikipedia.org/wiki/%E8%A3%81%E5%88%A4%E5%AE%98	http://upload.wikimedia.org/wikipedia/commons/9/9e/Flag_of_Japan.svg
374	ja	Richter	http://ja.wikipedia.org/wiki/%E8%A3%81%E5%88%A4%E5%AE%98	http://upload.wikimedia.org/wikipedia/commons/c/c2/Don_Diego_del_Corral_y_Arellano%2C_por_Diego_Vel%C3%A1zquez.jpg
375	kbd	Richter	http://kbd.wikipedia.org/wiki/%D0%A5%D0%B5%D1%8F%D1%89%D3%80%D1%8D	http://upload.wikimedia.org/wikipedia/commons/e/e8/Crystal_Clear_app_kedit.svg
376	ko	Richter	http://ko.wikipedia.org/wiki/%ED%8C%90%EC%82%AC	http://upload.wikimedia.org/wikipedia/commons/0/0e/Scale_of_justice_2.svg
377	ko	Richter	http://ko.wikipedia.org/wiki/%ED%8C%90%EC%82%AC	http://upload.wikimedia.org/wikipedia/commons/b/bd/Ambox_globe_content.svg
378	ko	Richter	http://ko.wikipedia.org/wiki/%ED%8C%90%EC%82%AC	http://upload.wikimedia.org/wikipedia/commons/3/34/Miles_Ehrlich%2C_judge.jpg
379	ko	Richter	http://ko.wikipedia.org/wiki/%ED%8C%90%EC%82%AC	http://upload.wikimedia.org/wikipedia/commons/4/4a/Commons-logo.svg
380	la	Richter	http://la.wikipedia.org/wiki/Iudex	http://upload.wikimedia.org/wikipedia/commons/4/4a/Commons-logo.svg
381	la	Richter	http://la.wikipedia.org/wiki/Iudex	http://upload.wikimedia.org/wikipedia/commons/3/34/Miles_Ehrlich%2C_judge.jpg
382	lt	Richter	http://lt.wikipedia.org/wiki/Teis%C4%97jas	http://upload.wikimedia.org/wikipedia/commons/b/b8/Erkki_Kourula.jpg
383	lt	Richter	http://lt.wikipedia.org/wiki/Teis%C4%97jas	http://upload.wikimedia.org/wikipedia/commons/7/72/Disambig.svg
384	lt	Richter	http://lt.wikipedia.org/wiki/Teis%C4%97jas	http://upload.wikimedia.org/wikipedia/commons/3/34/Miles_Ehrlich%2C_judge.jpg
385	lt	Richter	http://lt.wikipedia.org/wiki/Teis%C4%97jas	http://upload.wikimedia.org/wikipedia/commons/1/11/ICJ-CJI_hearing_1.jpg
386	lt	Richter	http://lt.wikipedia.org/wiki/Teis%C4%97jas	http://upload.wikimedia.org/wikipedia/commons/c/c5/Bundesarchiv_B_145_Bild-F083310-0001%2C_Karlsruhe%2C_Bundesverfassungsgericht.jpg
387	lt	Richter	http://lt.wikipedia.org/wiki/Teis%C4%97jas	http://upload.wikimedia.org/wikipedia/commons/4/4a/Commons-logo.svg
388	lt	Richter	http://lt.wikipedia.org/wiki/Teis%C4%97jas	http://upload.wikimedia.org/wikipedia/commons/c/c9/Bundesarchiv_B_145_Bild-F083316-0001%2C_Bundesverfassungsgericht%2C_Richterin_Helga_Seibert.jpg
389	lt	Richter	http://lt.wikipedia.org/wiki/Teis%C4%97jas	http://upload.wikimedia.org/wikipedia/commons/d/d6/Wikiquote-logo-en.svg
390	lv	Richter	http://lv.wikipedia.org/wiki/Tiesnesis	http://upload.wikimedia.org/wikipedia/commons/1/11/ICJ-CJI_hearing_1.jpg
391	lv	Richter	http://lv.wikipedia.org/wiki/Tiesnesis	http://upload.wikimedia.org/wikipedia/commons/5/51/Scale_of_Justice.svg
392	ms	Richter	http://ms.wikipedia.org/wiki/Hakim	http://upload.wikimedia.org/wikipedia/commons/4/4a/Commons-logo.svg
393	ms	Richter	http://ms.wikipedia.org/wiki/Hakim	http://upload.wikimedia.org/wikipedia/commons/3/36/Lyman_Poore_Duff.jpg
394	my	Richter	http://my.wikipedia.org/wiki/%E1%80%90%E1%80%9B%E1%80%AC%E1%80%B8%E1%80%9E%E1%80%B0%E1%80%80%E1%80%BC%E1%80%AE%E1%80%B8	http://upload.wikimedia.org/wikipedia/commons/3/36/Lyman_Poore_Duff.jpg
395	nl	Richter	http://nl.wikipedia.org/wiki/Rechter	http://upload.wikimedia.org/wikipedia/commons/f/fa/D%C3%A9sir%C3%A9_Girouard.jpg
396	nl	Richter	http://nl.wikipedia.org/wiki/Rechter	http://upload.wikimedia.org/wikipedia/commons/2/22/Vista-kmixdocked.png
397	nl	Richter	http://nl.wikipedia.org/wiki/Rechter	http://upload.wikimedia.org/wikipedia/commons/e/ee/1rightarrow_blue.svg
398	nl	Richter	http://nl.wikipedia.org/wiki/Rechter	http://upload.wikimedia.org/wikipedia/commons/e/ee/1rightarrow_blue.svg
399	nl	Richter	http://nl.wikipedia.org/wiki/Rechter	http://upload.wikimedia.org/wikipedia/commons/4/4a/Commons-logo.svg
400	nl	Richter	http://nl.wikipedia.org/wiki/Rechter	http://upload.wikimedia.org/wikipedia/commons/8/82/681-ballot-beaupre.jpg
401	nl	Richter	http://nl.wikipedia.org/wiki/Rechter	http://upload.wikimedia.org/wikipedia/commons/e/e8/Voorzitter_de_la_Kethulle_de_Ryhove.JPG
402	nn	Richter	http://nn.wikipedia.org/wiki/Dommar_i_retten	-
403	no	Richter	http://no.wikipedia.org/wiki/Dommer	http://upload.wikimedia.org/wikipedia/commons/4/4a/Commons-logo.svg
404	no	Richter	http://no.wikipedia.org/wiki/Dommer	http://upload.wikimedia.org/wikipedia/commons/3/34/Miles_Ehrlich%2C_judge.jpg
405	oc	Richter	http://oc.wikipedia.org/wiki/Jutge	http://upload.wikimedia.org/wikipedia/commons/4/4a/Commons-logo.svg
406	oc	Richter	http://oc.wikipedia.org/wiki/Jutge	http://upload.wikimedia.org/wikipedia/commons/3/34/Miles_Ehrlich%2C_judge.jpg
407	pl	Richter	http://pl.wikipedia.org/wiki/S%C4%99dzia	http://upload.wikimedia.org/wikipedia/commons/0/09/Scale_of_justice_gold.png
408	pl	Richter	http://pl.wikipedia.org/wiki/S%C4%99dzia	http://upload.wikimedia.org/wikipedia/commons/3/34/Miles_Ehrlich%2C_judge.jpg
409	pl	Richter	http://pl.wikipedia.org/wiki/S%C4%99dzia	http://upload.wikimedia.org/wikipedia/commons/6/67/WiktionaryPl_nodesc.svg
410	pl	Richter	http://pl.wikipedia.org/wiki/S%C4%99dzia	http://upload.wikimedia.org/wikipedia/commons/f/fa/Wikiquote-logo.svg
411	pl	Richter	http://pl.wikipedia.org/wiki/S%C4%99dzia	http://upload.wikimedia.org/wikipedia/commons/4/4a/Commons-logo.svg
412	pl	Richter	http://pl.wikipedia.org/wiki/S%C4%99dzia	http://upload.wikimedia.org/wikipedia/commons/e/e9/Geographylogo.svg
413	pl	Richter	http://pl.wikipedia.org/wiki/S%C4%99dzia	http://upload.wikimedia.org/wikipedia/commons/7/72/Disambig.svg
414	pt	Richter	http://pt.wikipedia.org/wiki/Juiz	http://upload.wikimedia.org/wikipedia/commons/3/34/Miles_Ehrlich%2C_judge.jpg
415	pt	Richter	http://pt.wikipedia.org/wiki/Juiz	http://upload.wikimedia.org/wikipedia/commons/7/75/Icon_Hinweis_Rechtsthemen.svg
416	pt	Richter	http://pt.wikipedia.org/wiki/Juiz	http://upload.wikimedia.org/wikipedia/commons/7/73/Tools_blue.svg
417	pt	Richter	http://pt.wikipedia.org/wiki/Juiz	http://upload.wikimedia.org/wikipedia/commons/6/61/Searchtool.svg
418	pt	Richter	http://pt.wikipedia.org/wiki/Juiz	http://upload.wikimedia.org/wikipedia/commons/4/4a/Commons-logo.svg
419	pt	Richter	http://pt.wikipedia.org/wiki/Juiz	http://upload.wikimedia.org/wikipedia/commons/0/05/Flag_of_Brazil.svg
420	pt	Richter	http://pt.wikipedia.org/wiki/Juiz	http://upload.wikimedia.org/wikipedia/commons/f/fa/Wikiquote-logo.svg
421	qu	Richter	http://qu.wikipedia.org/wiki/Taripakuq	http://upload.wikimedia.org/wikipedia/commons/4/4a/Commons-logo.svg
422	qu	Richter	http://qu.wikipedia.org/wiki/Taripakuq	http://upload.wikimedia.org/wikipedia/commons/3/34/Miles_Ehrlich%2C_judge.jpg
423	ro	Richter	http://ro.wikipedia.org/wiki/Judec%C4%83tor	http://upload.wikimedia.org/wikipedia/commons/f/ff/Wikidata-logo.svg
424	ru	Richter	http://ru.wikipedia.org/wiki/%D0%A1%D1%83%D0%B4%D1%8C%D1%8F	http://upload.wikimedia.org/wikipedia/commons/5/57/Scale_of_justice.svg
425	ru	Richter	http://ru.wikipedia.org/wiki/%D0%A1%D1%83%D0%B4%D1%8C%D1%8F	http://upload.wikimedia.org/wikipedia/commons/f/fc/Istanbul_-_Museo_archeol._-_Giudice_romano%2C_ca._425-450_d.C._-_da_Afrodisia_-_Foto_G._Dall%27Orto_28-5-2006_04.jpg
426	ru	Richter	http://ru.wikipedia.org/wiki/%D0%A1%D1%83%D0%B4%D1%8C%D1%8F	http://upload.wikimedia.org/wikipedia/commons/6/61/Searchtool.svg
427	ru	Richter	http://ru.wikipedia.org/wiki/%D0%A1%D1%83%D0%B4%D1%8C%D1%8F	http://upload.wikimedia.org/wikipedia/commons/0/0e/Scale_of_justice_2.svg
428	ru	Richter	http://ru.wikipedia.org/wiki/%D0%A1%D1%83%D0%B4%D1%8C%D1%8F	http://upload.wikimedia.org/wikipedia/commons/4/4a/Commons-logo.svg
429	ru	Richter	http://ru.wikipedia.org/wiki/%D0%A1%D1%83%D0%B4%D1%8C%D1%8F	http://upload.wikimedia.org/wikipedia/commons/1/11/ICJ-CJI_hearing_1.jpg
430	ru	Richter	http://ru.wikipedia.org/wiki/%D0%A1%D1%83%D0%B4%D1%8C%D1%8F	http://upload.wikimedia.org/wikipedia/commons/6/6f/Eo-scale2.png
431	ru	Richter	http://ru.wikipedia.org/wiki/%D0%A1%D1%83%D0%B4%D1%8C%D1%8F	http://upload.wikimedia.org/wikipedia/commons/f/fa/Wikiquote-logo.svg
432	sco	Richter	http://sco.wikipedia.org/wiki/Judge	-
433	sh	Richter	http://sh.wikipedia.org/wiki/Sudija	http://upload.wikimedia.org/wikipedia/commons/4/4a/Commons-logo.svg
434	sh	Richter	http://sh.wikipedia.org/wiki/Sudija	http://upload.wikimedia.org/wikipedia/commons/3/34/Miles_Ehrlich%2C_judge.jpg
435	sh	Richter	http://sh.wikipedia.org/wiki/Sudija	http://upload.wikimedia.org/wikipedia/commons/7/72/Disambig.svg
436	simple	Richter	http://simple.wikipedia.org/wiki/Judge	http://upload.wikimedia.org/wikipedia/commons/f/f8/Wiktionary-logo-en.svg
437	simple	Richter	http://simple.wikipedia.org/wiki/Judge	http://upload.wikimedia.org/wikipedia/commons/4/4a/Commons-logo.svg
438	simple	Richter	http://simple.wikipedia.org/wiki/Judge	http://upload.wikimedia.org/wikipedia/commons/7/79/Wessel_smedbager04.jpg
439	simple	Richter	http://simple.wikipedia.org/wiki/Judge	http://upload.wikimedia.org/wikipedia/commons/5/50/Portrait_of_Judge_George_Jeffreys%2C_First_Baron_of_Wem.jpg
440	sk	Richter	http://sk.wikipedia.org/wiki/Sudca	http://upload.wikimedia.org/wikipedia/commons/4/4a/Commons-logo.svg
441	sk	Richter	http://sk.wikipedia.org/wiki/Sudca	http://upload.wikimedia.org/wikipedia/commons/f/fa/Wikiquote-logo.svg
442	sk	Richter	http://sk.wikipedia.org/wiki/Sudca	http://upload.wikimedia.org/wikipedia/commons/3/34/Miles_Ehrlich%2C_judge.jpg
443	sl	Richter	http://sl.wikipedia.org/wiki/Sodnik	http://upload.wikimedia.org/wikipedia/commons/7/7c/YellowHardHat.jpg
444	sl	Richter	http://sl.wikipedia.org/wiki/Sodnik	http://upload.wikimedia.org/wikipedia/commons/4/4a/Commons-logo.svg
445	sl	Richter	http://sl.wikipedia.org/wiki/Sodnik	http://upload.wikimedia.org/wikipedia/commons/a/a7/Wiktionary-logo-sl.svg
446	sl	Richter	http://sl.wikipedia.org/wiki/Sodnik	http://upload.wikimedia.org/wikipedia/commons/3/34/Miles_Ehrlich%2C_judge.jpg
447	sr	Richter	http://sr.wikipedia.org/wiki/%D0%A1%D1%83%D0%B4%D0%B8%D1%98%D0%B0	http://upload.wikimedia.org/wikipedia/commons/4/4a/Commons-logo.svg
448	sr	Richter	http://sr.wikipedia.org/wiki/%D0%A1%D1%83%D0%B4%D0%B8%D1%98%D0%B0	http://upload.wikimedia.org/wikipedia/commons/3/34/Miles_Ehrlich%2C_judge.jpg
449	sv	Richter	http://sv.wikipedia.org/wiki/Domare	http://upload.wikimedia.org/wikipedia/commons/4/4a/Commons-logo.svg
450	sv	Richter	http://sv.wikipedia.org/wiki/Domare	http://upload.wikimedia.org/wikipedia/commons/a/ae/US_Department_of_Justice_Scales_Of_Justice.svg
451	sv	Richter	http://sv.wikipedia.org/wiki/Domare	http://upload.wikimedia.org/wikipedia/commons/1/11/ICJ-CJI_hearing_1.jpg
452	te	Richter	http://te.wikipedia.org/wiki/%E0%B0%A8%E0%B1%8D%E0%B0%AF%E0%B0%BE%E0%B0%AF%E0%B0%AE%E0%B1%82%E0%B0%B0%E0%B1%8D%E0%B0%A4%E0%B0%BF	-
453	th	Richter	http://th.wikipedia.org/wiki/%E0%B8%82%E0%B9%89%E0%B8%B2%E0%B8%A3%E0%B8%B2%E0%B8%8A%E0%B8%81%E0%B8%B2%E0%B8%A3%E0%B8%9D%E0%B9%88%E0%B8%B2%E0%B8%A2%E0%B8%95%E0%B8%B8%E0%B8%A5%E0%B8%B2%E0%B8%81%E0%B8%B2%E0%B8%A3_(%E0%B8%9B%E0%B8%A3%E0%B8%B0%E0%B9%80%E0%B8%97%E0%B8%A8%E0%B9%84%E0%B8%97%E0%B8%A2)	http://upload.wikimedia.org/wikipedia/commons/5/57/Scale_of_justice.svg
454	th	Richter	http://th.wikipedia.org/wiki/%E0%B8%82%E0%B9%89%E0%B8%B2%E0%B8%A3%E0%B8%B2%E0%B8%8A%E0%B8%81%E0%B8%B2%E0%B8%A3%E0%B8%9D%E0%B9%88%E0%B8%B2%E0%B8%A2%E0%B8%95%E0%B8%B8%E0%B8%A5%E0%B8%B2%E0%B8%81%E0%B8%B2%E0%B8%A3_(%E0%B8%9B%E0%B8%A3%E0%B8%B0%E0%B9%80%E0%B8%97%E0%B8%A8%E0%B9%84%E0%B8%97%E0%B8%A2)	http://upload.wikimedia.org/wikipedia/th/8/82/KinginJudge.jpg
455	th	Richter	http://th.wikipedia.org/wiki/%E0%B8%82%E0%B9%89%E0%B8%B2%E0%B8%A3%E0%B8%B2%E0%B8%8A%E0%B8%81%E0%B8%B2%E0%B8%A3%E0%B8%9D%E0%B9%88%E0%B8%B2%E0%B8%A2%E0%B8%95%E0%B8%B8%E0%B8%A5%E0%B8%B2%E0%B8%81%E0%B8%B2%E0%B8%A3_(%E0%B8%9B%E0%B8%A3%E0%B8%B0%E0%B9%80%E0%B8%97%E0%B8%A8%E0%B9%84%E0%B8%97%E0%B8%A2)	http://upload.wikimedia.org/wikipedia/commons/4/4a/Commons-logo.svg
456	th	Richter	http://th.wikipedia.org/wiki/%E0%B8%82%E0%B9%89%E0%B8%B2%E0%B8%A3%E0%B8%B2%E0%B8%8A%E0%B8%81%E0%B8%B2%E0%B8%A3%E0%B8%9D%E0%B9%88%E0%B8%B2%E0%B8%A2%E0%B8%95%E0%B8%B8%E0%B8%A5%E0%B8%B2%E0%B8%81%E0%B8%B2%E0%B8%A3_(%E0%B8%9B%E0%B8%A3%E0%B8%B0%E0%B9%80%E0%B8%97%E0%B8%A8%E0%B9%84%E0%B8%97%E0%B8%A2)	http://upload.wikimedia.org/wikipedia/th/9/91/Emblem_thailand_garuda4.png
457	tl	Richter	http://tl.wikipedia.org/wiki/Hukom	http://upload.wikimedia.org/wikipedia/commons/c/ca/Crystal_Clear_app_Login_Manager.png
458	tl	Richter	http://tl.wikipedia.org/wiki/Hukom	http://upload.wikimedia.org/wikipedia/commons/e/e2/Icon-Rechtshinweis-blau2-Asio.svg
459	tr	Richter	http://tr.wikipedia.org/wiki/H%C3%A2kim_(hukuk)	http://upload.wikimedia.org/wikipedia/commons/0/0e/Scale_of_justice_2.svg
460	tr	Richter	http://tr.wikipedia.org/wiki/H%C3%A2kim_(hukuk)	http://upload.wikimedia.org/wikipedia/commons/c/ce/Balanced_scales.svg
461	uk	Richter	http://uk.wikipedia.org/wiki/%D0%A1%D1%83%D0%B4%D0%B4%D1%8F	http://upload.wikimedia.org/wikipedia/commons/b/bd/Ambox_globe_content.svg
462	uk	Richter	http://uk.wikipedia.org/wiki/%D0%A1%D1%83%D0%B4%D0%B4%D1%8F	http://upload.wikimedia.org/wikipedia/commons/4/4a/Commons-logo.svg
463	ur	Richter	http://ur.wikipedia.org/wiki/%D9%82%D8%A7%D8%B6%DB%8C	http://upload.wikimedia.org/wikipedia/commons/4/4a/Commons-logo.svg
464	ur	Richter	http://ur.wikipedia.org/wiki/%D9%82%D8%A7%D8%B6%DB%8C	http://upload.wikimedia.org/wikipedia/commons/3/34/Miles_Ehrlich%2C_judge.jpg
465	uz	Richter	http://uz.wikipedia.org/wiki/Sudya	http://upload.wikimedia.org/wikipedia/commons/1/11/ICJ-CJI_hearing_1.jpg
466	vi	Richter	http://vi.wikipedia.org/wiki/Th%E1%BA%A9m_ph%C3%A1n	http://upload.wikimedia.org/wikipedia/commons/9/99/Question_book-new.svg
467	yi	Richter	http://yi.wikipedia.org/wiki/%D7%A8%D7%99%D7%9B%D7%98%D7%A2%D7%A8	http://upload.wikimedia.org/wikipedia/commons/4/4a/Commons-logo.svg
468	yi	Richter	http://yi.wikipedia.org/wiki/%D7%A8%D7%99%D7%9B%D7%98%D7%A2%D7%A8	http://upload.wikimedia.org/wikipedia/commons/3/34/Miles_Ehrlich%2C_judge.jpg
469	zh	Richter	http://zh.wikipedia.org/wiki/%E6%B3%95%E5%AE%98	http://upload.wikimedia.org/wikipedia/commons/4/4a/Commons-logo.svg
470	zh	Richter	http://zh.wikipedia.org/wiki/%E6%B3%95%E5%AE%98	http://upload.wikimedia.org/wikipedia/commons/3/34/Miles_Ehrlich%2C_judge.jpg
471	de	Bestatter	http://de.wikipedia.org/wiki/Bestatter	http://upload.wikimedia.org/wikipedia/commons/f/fa/Wiener_Gewerbewappen_Leichenbestatter.jpg
472	bn	Bestatter	http://bn.wikipedia.org/wiki/%E0%A6%85%E0%A6%A8%E0%A7%8D%E0%A6%A4%E0%A7%8D%E0%A6%AF%E0%A7%87%E0%A6%B7%E0%A7%8D%E0%A6%9F%E0%A6%BF%E0%A6%95%E0%A7%8D%E0%A6%B0%E0%A6%BF%E0%A6%AF%E0%A6%BC%E0%A6%BE_%E0%A6%AA%E0%A6%B0%E0%A6%BF%E0%A6%9A%E0%A6%BE%E0%A6%B2%E0%A6%95	http://upload.wikimedia.org/wikipedia/commons/1/12/Urn_shop.jpg
473	cy	Bestatter	http://cy.wikipedia.org/wiki/Trefnwr_angladdau	http://upload.wikimedia.org/wikipedia/commons/1/12/Urn_shop.jpg
474	cy	Bestatter	http://cy.wikipedia.org/wiki/Trefnwr_angladdau	http://upload.wikimedia.org/wikipedia/commons/1/1d/Cemetery_template.svg
475	da	Bestatter	http://da.wikipedia.org/wiki/Bedemand	http://upload.wikimedia.org/wikipedia/commons/2/2b/Economist.svg
476	da	Bestatter	http://da.wikipedia.org/wiki/Bedemand	http://upload.wikimedia.org/wikipedia/commons/e/ec/Wiktionary-logo.svg
477	da	Bestatter	http://da.wikipedia.org/wiki/Bedemand	http://upload.wikimedia.org/wikipedia/commons/4/48/Mercedes-Benz_W210_Rappold_Leichenwagen_hl.jpg
478	en	Bestatter	http://en.wikipedia.org/wiki/Funeral_director	http://upload.wikimedia.org/wikipedia/en/4/4a/Commons-logo.svg
479	en	Bestatter	http://en.wikipedia.org/wiki/Funeral_director	http://upload.wikimedia.org/wikipedia/commons/f/fa/Wikiquote-logo.svg
480	en	Bestatter	http://en.wikipedia.org/wiki/Funeral_director	http://upload.wikimedia.org/wikipedia/commons/1/12/Urn_shop.jpg
481	en	Bestatter	http://en.wikipedia.org/wiki/Funeral_director	http://upload.wikimedia.org/wikipedia/commons/b/bd/Ambox_globe_content.svg
482	en	Bestatter	http://en.wikipedia.org/wiki/Funeral_director	http://upload.wikimedia.org/wikipedia/commons/6/6a/Mortician%27s_resorative_tools.JPG
483	fr	Bestatter	http://fr.wikipedia.org/wiki/Croque-mort	http://upload.wikimedia.org/wikipedia/commons/9/92/The_death.png
484	fr	Bestatter	http://fr.wikipedia.org/wiki/Croque-mort	http://upload.wikimedia.org/wikipedia/commons/5/58/20100805-013_Amersfoort_-_Waterspuwer_aan_de_Langegracht.jpg
485	fr	Bestatter	http://fr.wikipedia.org/wiki/Croque-mort	http://upload.wikimedia.org/wikipedia/commons/9/99/JosephStevens001.jpg
486	it	Bestatter	http://it.wikipedia.org/wiki/Necroforo	http://upload.wikimedia.org/wikipedia/commons/9/96/Puzzle_stub.png
487	it	Bestatter	http://it.wikipedia.org/wiki/Necroforo	http://upload.wikimedia.org/wikipedia/commons/b/bc/Nota_disambigua.svg
488	it	Bestatter	http://it.wikipedia.org/wiki/Necroforo	http://upload.wikimedia.org/wikipedia/commons/1/1f/Tools.svg
489	it	Bestatter	http://it.wikipedia.org/wiki/Necroforo	http://upload.wikimedia.org/wikipedia/commons/4/4a/Commons-logo.svg
490	it	Bestatter	http://it.wikipedia.org/wiki/Necroforo	http://upload.wikimedia.org/wikipedia/commons/b/b7/Mort_du_fossoyeur.jpg
491	it	Bestatter	http://it.wikipedia.org/wiki/Necroforo	http://upload.wikimedia.org/wikipedia/commons/c/c5/Local-important.svg
492	ko	Bestatter	http://ko.wikipedia.org/wiki/%EC%9E%A5%EC%9D%98%EC%82%AC	http://upload.wikimedia.org/wikipedia/commons/4/47/Monobook_icon.svg
493	nl	Bestatter	http://nl.wikipedia.org/wiki/Uitvaartondernemer	http://upload.wikimedia.org/wikipedia/commons/e/ee/1rightarrow_blue.svg
494	nl	Bestatter	http://nl.wikipedia.org/wiki/Uitvaartondernemer	http://upload.wikimedia.org/wikipedia/commons/e/ee/1rightarrow_blue.svg
495	nl	Bestatter	http://nl.wikipedia.org/wiki/Uitvaartondernemer	http://upload.wikimedia.org/wikipedia/commons/5/58/20100805-013_Amersfoort_-_Waterspuwer_aan_de_Langegracht.jpg
496	no	Bestatter	http://no.wikipedia.org/wiki/Croque-mort	http://upload.wikimedia.org/wikipedia/commons/9/99/JosephStevens001.jpg
497	simple	Bestatter	http://simple.wikipedia.org/wiki/Funeral_director	http://upload.wikimedia.org/wikipedia/commons/1/12/Urn_shop.jpg
498	zh	Bestatter	http://zh.wikipedia.org/wiki/%E7%A6%AE%E5%84%80%E5%B8%AB	http://upload.wikimedia.org/wikipedia/commons/0/0a/Black_Ribbon.svg
499	zh	Bestatter	http://zh.wikipedia.org/wiki/%E7%A6%AE%E5%84%80%E5%B8%AB	http://upload.wikimedia.org/wikipedia/commons/3/3f/Globe_important.svg
500	de	Philosoph	http://de.wikipedia.org/wiki/Philosoph	http://upload.wikimedia.org/wikipedia/commons/3/36/Rembrandt_Harmensz._van_Rijn_038.jpg
501	de	Philosoph	http://de.wikipedia.org/wiki/Philosoph	http://upload.wikimedia.org/wikipedia/commons/3/31/La_scuola_di_Atene.jpg
502	an	Philosoph	http://an.wikipedia.org/wiki/Filosofo	http://upload.wikimedia.org/wikipedia/commons/3/36/Rembrandt_Harmensz._van_Rijn_038.jpg
503	ar	Philosoph	http://ar.wikipedia.org/wiki/%D9%81%D9%8A%D9%84%D8%B3%D9%88%D9%81	http://upload.wikimedia.org/wikipedia/commons/d/d8/Socrates_thumb.png
504	ar	Philosoph	http://ar.wikipedia.org/wiki/%D9%81%D9%8A%D9%84%D8%B3%D9%88%D9%81	http://upload.wikimedia.org/wikipedia/commons/4/4a/Commons-logo.svg
505	ar	Philosoph	http://ar.wikipedia.org/wiki/%D9%81%D9%8A%D9%84%D8%B3%D9%88%D9%81	http://upload.wikimedia.org/wikipedia/commons/6/61/Crystal_Clear_app_kdict.png
506	az	Philosoph	http://az.wikipedia.org/wiki/Filosof	http://upload.wikimedia.org/wikipedia/commons/3/31/La_scuola_di_Atene.jpg
507	bar	Philosoph	http://bar.wikipedia.org/wiki/Philosoph	http://upload.wikimedia.org/wikipedia/commons/3/36/Rembrandt_Harmensz._van_Rijn_038.jpg
508	be	Philosoph	http://be.wikipedia.org/wiki/%D0%A4%D1%96%D0%BB%D0%BE%D1%81%D0%B0%D1%84%D1%8B	http://upload.wikimedia.org/wikipedia/commons/9/98/Sanzio_01_Plato_Aristotle.jpg
509	be-x-old	Philosoph	http://be-x-old.wikipedia.org/wiki/%D0%A4%D1%96%D0%BB%D1%91%D0%B7%D0%B0%D1%84	-
510	bg	Philosoph	http://bg.wikipedia.org/wiki/%D0%A4%D0%B8%D0%BB%D0%BE%D1%81%D0%BE%D1%84	http://upload.wikimedia.org/wikipedia/commons/2/2c/Broom_icon.svg
511	bh	Philosoph	http://bh.wikipedia.org/wiki/%E0%A4%A6%E0%A4%BE%E0%A4%B0%E0%A5%8D%E0%A4%B6%E0%A4%A8%E0%A4%BF%E0%A4%95	-
512	bn	Philosoph	http://bn.wikipedia.org/wiki/%E0%A6%A6%E0%A6%BE%E0%A6%B0%E0%A7%8D%E0%A6%B6%E0%A6%A8%E0%A6%BF%E0%A6%95	http://upload.wikimedia.org/wikipedia/commons/4/4a/Plato-raphael.jpg
513	bn	Philosoph	http://bn.wikipedia.org/wiki/%E0%A6%A6%E0%A6%BE%E0%A6%B0%E0%A7%8D%E0%A6%B6%E0%A6%A8%E0%A6%BF%E0%A6%95	http://upload.wikimedia.org/wikipedia/commons/d/d6/Wikiquote-logo-en.svg
514	bn	Philosoph	http://bn.wikipedia.org/wiki/%E0%A6%A6%E0%A6%BE%E0%A6%B0%E0%A7%8D%E0%A6%B6%E0%A6%A8%E0%A6%BF%E0%A6%95	http://upload.wikimedia.org/wikipedia/commons/4/4a/Commons-logo.svg
515	bn	Philosoph	http://bn.wikipedia.org/wiki/%E0%A6%A6%E0%A6%BE%E0%A6%B0%E0%A7%8D%E0%A6%B6%E0%A6%A8%E0%A6%BF%E0%A6%95	http://upload.wikimedia.org/wikipedia/commons/1/11/Francis_Bacon%2C_Viscount_St_Alban_from_NPG_%282%29.jpg
516	bn	Philosoph	http://bn.wikipedia.org/wiki/%E0%A6%A6%E0%A6%BE%E0%A6%B0%E0%A7%8D%E0%A6%B6%E0%A6%A8%E0%A6%BF%E0%A6%95	http://upload.wikimedia.org/wikipedia/commons/5/54/Confucius_Tang_Dynasty.jpg
517	ckb	Philosoph	http://ckb.wikipedia.org/wiki/%D9%81%DB%95%DB%8C%D9%84%DB%95%D8%B3%D9%88%D9%88%D9%81	http://upload.wikimedia.org/wikipedia/commons/3/36/Rembrandt_Harmensz._van_Rijn_038.jpg
518	cs	Philosoph	http://cs.wikipedia.org/wiki/Filosof	http://upload.wikimedia.org/wikipedia/commons/9/9b/PortalPhilosophers.jpg
519	cs	Philosoph	http://cs.wikipedia.org/wiki/Filosof	http://upload.wikimedia.org/wikipedia/commons/1/18/The_School_of_Athens.jpg
520	cs	Philosoph	http://cs.wikipedia.org/wiki/Filosof	http://upload.wikimedia.org/wikipedia/commons/3/36/Rembrandt_Harmensz._van_Rijn_038.jpg
521	diq	Philosoph	http://diq.wikipedia.org/wiki/Filozof	http://upload.wikimedia.org/wikipedia/commons/3/31/La_scuola_di_Atene.jpg
522	en	Philosoph	http://en.wikipedia.org/wiki/Philosopher	http://upload.wikimedia.org/wikipedia/en/4/4a/Commons-logo.svg
523	en	Philosoph	http://en.wikipedia.org/wiki/Philosopher	http://upload.wikimedia.org/wikipedia/commons/1/18/The_School_of_Athens.jpg
524	en	Philosoph	http://en.wikipedia.org/wiki/Philosopher	http://upload.wikimedia.org/wikipedia/commons/c/cd/Socrates.png
525	en	Philosoph	http://en.wikipedia.org/wiki/Philosopher	http://upload.wikimedia.org/wikipedia/commons/2/24/Wikinews-logo.svg
526	en	Philosoph	http://en.wikipedia.org/wiki/Philosopher	http://upload.wikimedia.org/wikipedia/commons/f/fa/Wikibooks-logo.svg
527	en	Philosoph	http://en.wikipedia.org/wiki/Philosopher	http://upload.wikimedia.org/wikipedia/commons/6/66/Angela_Davis_en_Bogot%C3%A1%2C_Septiembre_de_2010.jpg
528	en	Philosoph	http://en.wikipedia.org/wiki/Philosopher	http://upload.wikimedia.org/wikipedia/commons/9/98/Philbar_2.png
529	en	Philosoph	http://en.wikipedia.org/wiki/Philosopher	http://upload.wikimedia.org/wikipedia/commons/6/67/Langer.Susanne.foto_2.jpg
530	en	Philosoph	http://en.wikipedia.org/wiki/Philosopher	http://upload.wikimedia.org/wikipedia/commons/4/4c/Wikisource-logo.svg
531	en	Philosoph	http://en.wikipedia.org/wiki/Philosopher	http://upload.wikimedia.org/wikipedia/commons/f/fa/Wikiquote-logo.svg
532	eo	Philosoph	http://eo.wikipedia.org/wiki/Filozofo	-
533	et	Philosoph	http://et.wikipedia.org/wiki/Filosoof	http://upload.wikimedia.org/wikipedia/commons/3/37/Auguste_Rodin_-_Grubleren_2005-02.jpg
534	eu	Philosoph	http://eu.wikipedia.org/wiki/Filosofo	http://upload.wikimedia.org/wikipedia/commons/1/18/The_School_of_Athens.jpg
535	fa	Philosoph	http://fa.wikipedia.org/wiki/%D9%81%DB%8C%D9%84%D8%B3%D9%88%D9%81	http://upload.wikimedia.org/wikipedia/commons/3/33/Iranian_Farabi.jpg
536	fa	Philosoph	http://fa.wikipedia.org/wiki/%D9%81%DB%8C%D9%84%D8%B3%D9%88%D9%81	http://upload.wikimedia.org/wikipedia/commons/4/4d/Roger_Scruton.jpg
537	fa	Philosoph	http://fa.wikipedia.org/wiki/%D9%81%DB%8C%D9%84%D8%B3%D9%88%D9%81	http://upload.wikimedia.org/wikipedia/commons/2/2d/Plat%C3%B3n_Academia_de_Atenas.png
538	fi	Philosoph	http://fi.wikipedia.org/wiki/Filosofi	http://upload.wikimedia.org/wikipedia/commons/d/d6/Wikiquote-logo-en.svg
539	fi	Philosoph	http://fi.wikipedia.org/wiki/Filosofi	http://upload.wikimedia.org/wikipedia/commons/2/29/UWASocrates_gobeirne_cropped.jpg
540	fi	Philosoph	http://fi.wikipedia.org/wiki/Filosofi	http://upload.wikimedia.org/wikipedia/commons/0/0f/IconEcaterina.jpeg
541	fi	Philosoph	http://fi.wikipedia.org/wiki/Filosofi	http://upload.wikimedia.org/wikipedia/commons/5/51/Rembrandt_Harmensz._van_Rijn_038-crop.jpg
542	fi	Philosoph	http://fi.wikipedia.org/wiki/Filosofi	http://upload.wikimedia.org/wikipedia/commons/a/a3/Le_Philosophe_-_Ernest_Meissonier.jpg
543	fr	Philosoph	http://fr.wikipedia.org/wiki/Philosophe	http://upload.wikimedia.org/wikipedia/commons/3/36/Rembrandt_Harmensz._van_Rijn_038.jpg
544	fr	Philosoph	http://fr.wikipedia.org/wiki/Philosophe	http://upload.wikimedia.org/wikipedia/commons/3/3e/Disambig_colour.svg
545	fy	Philosoph	http://fy.wikipedia.org/wiki/Filosoof	http://upload.wikimedia.org/wikipedia/commons/3/36/Rembrandt_Harmensz._van_Rijn_038.jpg
546	he	Philosoph	http://he.wikipedia.org/wiki/%D7%A4%D7%99%D7%9C%D7%95%D7%A1%D7%95%D7%A3	http://upload.wikimedia.org/wikipedia/commons/2/24/Wiktionary-logo-he.png
547	he	Philosoph	http://he.wikipedia.org/wiki/%D7%A4%D7%99%D7%9C%D7%95%D7%A1%D7%95%D7%A3	http://upload.wikimedia.org/wikipedia/commons/4/4a/Commons-logo.svg
548	he	Philosoph	http://he.wikipedia.org/wiki/%D7%A4%D7%99%D7%9C%D7%95%D7%A1%D7%95%D7%A3	http://upload.wikimedia.org/wikipedia/commons/a/a4/Socrates_Louvre.jpg
549	he	Philosoph	http://he.wikipedia.org/wiki/%D7%A4%D7%99%D7%9C%D7%95%D7%A1%D7%95%D7%A3	http://upload.wikimedia.org/wikipedia/commons/b/bc/Disambig_RTL.svg
550	hi	Philosoph	http://hi.wikipedia.org/wiki/%E0%A4%A6%E0%A4%BE%E0%A4%B0%E0%A5%8D%E0%A4%B6%E0%A4%A8%E0%A4%BF%E0%A4%95	http://upload.wikimedia.org/wikipedia/commons/1/18/The_School_of_Athens.jpg
551	hy	Philosoph	http://hy.wikipedia.org/wiki/%D5%93%D5%AB%D5%AC%D5%AB%D5%BD%D5%B8%D6%83%D5%A1	http://upload.wikimedia.org/wikipedia/commons/9/98/Sanzio_01_Plato_Aristotle.jpg
552	ja	Philosoph	http://ja.wikipedia.org/wiki/%E6%80%9D%E6%83%B3%E5%AE%B6	-
553	kk	Philosoph	http://kk.wikipedia.org/wiki/%D0%A4%D0%B8%D0%BB%D0%BE%D1%81%D0%BE%D1%84	http://upload.wikimedia.org/wikipedia/kk/3/33/Abay.jpg
554	kk	Philosoph	http://kk.wikipedia.org/wiki/%D0%A4%D0%B8%D0%BB%D0%BE%D1%81%D0%BE%D1%84	http://upload.wikimedia.org/wikipedia/commons/9/98/Sanzio_01_Plato_Aristotle.jpg
555	kk	Philosoph	http://kk.wikipedia.org/wiki/%D0%A4%D0%B8%D0%BB%D0%BE%D1%81%D0%BE%D1%84	http://upload.wikimedia.org/wikipedia/commons/a/ab/Nietzsche.jpg
556	kk	Philosoph	http://kk.wikipedia.org/wiki/%D0%A4%D0%B8%D0%BB%D0%BE%D1%81%D0%BE%D1%84	http://upload.wikimedia.org/wikipedia/commons/2/29/UWASocrates_gobeirne_cropped.jpg
557	kk	Philosoph	http://kk.wikipedia.org/wiki/%D0%A4%D0%B8%D0%BB%D0%BE%D1%81%D0%BE%D1%84	http://upload.wikimedia.org/wikipedia/commons/1/18/The_School_of_Athens.jpg
558	kk	Philosoph	http://kk.wikipedia.org/wiki/%D0%A4%D0%B8%D0%BB%D0%BE%D1%81%D0%BE%D1%84	http://upload.wikimedia.org/wikipedia/commons/8/8c/David_-_The_Death_of_Socrates.jpg
559	kk	Philosoph	http://kk.wikipedia.org/wiki/%D0%A4%D0%B8%D0%BB%D0%BE%D1%81%D0%BE%D1%84	http://upload.wikimedia.org/wikipedia/commons/4/43/Immanuel_Kant_%28painted_portrait%29.jpg
560	kk	Philosoph	http://kk.wikipedia.org/wiki/%D0%A4%D0%B8%D0%BB%D0%BE%D1%81%D0%BE%D1%84	http://upload.wikimedia.org/wikipedia/commons/e/ed/Franz_Kafka_1910.jpg
561	ko	Philosoph	http://ko.wikipedia.org/wiki/%EC%B2%A0%ED%95%99%EC%9E%90	http://upload.wikimedia.org/wikipedia/commons/2/2c/Broom_icon.svg
562	ko	Philosoph	http://ko.wikipedia.org/wiki/%EC%B2%A0%ED%95%99%EC%9E%90	http://upload.wikimedia.org/wikipedia/commons/4/47/Monobook_icon.svg
563	ku	Philosoph	http://ku.wikipedia.org/wiki/F%C3%AElozof	http://upload.wikimedia.org/wikipedia/commons/1/18/The_School_of_Athens.jpg
564	lt	Philosoph	http://lt.wikipedia.org/wiki/Filosofas	-
565	mk	Philosoph	http://mk.wikipedia.org/wiki/%D0%A4%D0%B8%D0%BB%D0%BE%D0%B7%D0%BE%D1%84	http://upload.wikimedia.org/wikipedia/commons/4/4a/Commons-logo.svg
566	mk	Philosoph	http://mk.wikipedia.org/wiki/%D0%A4%D0%B8%D0%BB%D0%BE%D0%B7%D0%BE%D1%84	http://upload.wikimedia.org/wikipedia/commons/b/bd/Saint_Cyrill_statue_in_T%C5%99eb%C3%AD%C4%8D.jpg
567	mk	Philosoph	http://mk.wikipedia.org/wiki/%D0%A4%D0%B8%D0%BB%D0%BE%D0%B7%D0%BE%D1%84	http://upload.wikimedia.org/wikipedia/commons/1/18/The_School_of_Athens.jpg
568	nah	Philosoph	http://nah.wikipedia.org/wiki/Tlazohmatiliztl%C4%81catl	-
569	nl	Philosoph	http://nl.wikipedia.org/wiki/Filosoof	http://upload.wikimedia.org/wikipedia/commons/3/36/Rembrandt_Harmensz._van_Rijn_038.jpg
570	oc	Philosoph	http://oc.wikipedia.org/wiki/Filos%C3%B2f	-
571	pa	Philosoph	http://pa.wikipedia.org/wiki/%E0%A8%A6%E0%A8%BE%E0%A8%B0%E0%A8%B8%E0%A8%BC%E0%A8%A8%E0%A8%BF%E0%A8%95	http://upload.wikimedia.org/wikipedia/commons/3/31/La_scuola_di_Atene.jpg
572	pnb	Philosoph	http://pnb.wikipedia.org/wiki/%D9%81%D9%84%D8%B3%D9%81%DB%8C	http://upload.wikimedia.org/wikipedia/commons/8/88/Plato_Silanion_Musei_Capitolini_MC1377.jpg
573	pt	Philosoph	http://pt.wikipedia.org/wiki/Fil%C3%B3sofos	-
574	qu	Philosoph	http://qu.wikipedia.org/wiki/Yachay_wayllukuq	http://upload.wikimedia.org/wikipedia/commons/3/36/Rembrandt_Harmensz._van_Rijn_038.jpg
575	ru	Philosoph	http://ru.wikipedia.org/wiki/%D0%A4%D0%B8%D0%BB%D0%BE%D1%81%D0%BE%D1%84	http://upload.wikimedia.org/wikipedia/commons/2/29/UWASocrates_gobeirne_cropped.jpg
576	ru	Philosoph	http://ru.wikipedia.org/wiki/%D0%A4%D0%B8%D0%BB%D0%BE%D1%81%D0%BE%D1%84	http://upload.wikimedia.org/wikipedia/commons/9/98/Sanzio_01_Plato_Aristotle.jpg
577	ru	Philosoph	http://ru.wikipedia.org/wiki/%D0%A4%D0%B8%D0%BB%D0%BE%D1%81%D0%BE%D1%84	http://upload.wikimedia.org/wikipedia/commons/f/fa/Wikiquote-logo.svg
578	ru	Philosoph	http://ru.wikipedia.org/wiki/%D0%A4%D0%B8%D0%BB%D0%BE%D1%81%D0%BE%D1%84	http://upload.wikimedia.org/wikipedia/commons/2/2c/Broom_icon.svg
579	ru	Philosoph	http://ru.wikipedia.org/wiki/%D0%A4%D0%B8%D0%BB%D0%BE%D1%81%D0%BE%D1%84	http://upload.wikimedia.org/wikipedia/commons/4/43/Immanuel_Kant_%28painted_portrait%29.jpg
580	ru	Philosoph	http://ru.wikipedia.org/wiki/%D0%A4%D0%B8%D0%BB%D0%BE%D1%81%D0%BE%D1%84	http://upload.wikimedia.org/wikipedia/commons/4/4a/Commons-logo.svg
581	sco	Philosoph	http://sco.wikipedia.org/wiki/Filosopher	-
582	sh	Philosoph	http://sh.wikipedia.org/wiki/Filozof	http://upload.wikimedia.org/wikipedia/commons/5/5f/Disambig_gray.svg
583	simple	Philosoph	http://simple.wikipedia.org/wiki/Philosopher	http://upload.wikimedia.org/wikipedia/commons/f/f8/Wiktionary-logo-en.svg
584	sk	Philosoph	http://sk.wikipedia.org/wiki/Filozof	http://upload.wikimedia.org/wikipedia/commons/1/14/Northern_Spotted_Owl.USFWS-thumb.jpg
585	sl	Philosoph	http://sl.wikipedia.org/wiki/Filozof	-
586	sr	Philosoph	http://sr.wikipedia.org/wiki/%D0%A4%D0%B8%D0%BB%D0%BE%D0%B7%D0%BE%D1%84	http://upload.wikimedia.org/wikipedia/commons/7/72/Disambig.svg
587	sr	Philosoph	http://sr.wikipedia.org/wiki/%D0%A4%D0%B8%D0%BB%D0%BE%D0%B7%D0%BE%D1%84	http://upload.wikimedia.org/wikipedia/commons/5/5f/Disambig_gray.svg
588	stq	Philosoph	http://stq.wikipedia.org/wiki/Philosoph	-
589	sv	Philosoph	http://sv.wikipedia.org/wiki/Filosof	http://upload.wikimedia.org/wikipedia/commons/3/3a/Russell1907-2.jpg
590	sw	Philosoph	http://sw.wikipedia.org/wiki/Mwanafalsafa	http://upload.wikimedia.org/wikipedia/commons/4/4a/Commons-logo.svg
591	sw	Philosoph	http://sw.wikipedia.org/wiki/Mwanafalsafa	http://upload.wikimedia.org/wikipedia/commons/8/88/Plato_Silanion_Musei_Capitolini_MC1377.jpg
592	th	Philosoph	http://th.wikipedia.org/wiki/%E0%B8%99%E0%B8%B1%E0%B8%81%E0%B8%9B%E0%B8%A3%E0%B8%B1%E0%B8%8A%E0%B8%8D%E0%B8%B2	-
593	tt	Philosoph	http://tt.wikipedia.org/wiki/%D0%A4%D3%99%D0%BB%D1%81%D3%99%D1%84%D3%99%D1%87%D0%B5	http://upload.wikimedia.org/wikipedia/commons/8/80/Wikipedia-logo-v2.svg
594	uk	Philosoph	http://uk.wikipedia.org/wiki/%D0%A4%D1%96%D0%BB%D0%BE%D1%81%D0%BE%D1%84	http://upload.wikimedia.org/wikipedia/commons/7/74/Discourse-into-the-night.jpg
595	vi	Philosoph	http://vi.wikipedia.org/wiki/Tri%E1%BA%BFt_gia	http://upload.wikimedia.org/wikipedia/commons/8/8c/David_-_The_Death_of_Socrates.jpg
596	vi	Philosoph	http://vi.wikipedia.org/wiki/Tri%E1%BA%BFt_gia	http://upload.wikimedia.org/wikipedia/commons/4/4a/Commons-logo.svg
597	vi	Philosoph	http://vi.wikipedia.org/wiki/Tri%E1%BA%BFt_gia	http://upload.wikimedia.org/wikipedia/commons/9/99/Question_book-new.svg
